file,line,type,commit,author,date,time,timezone,datetime,depth,length
style.css,1,css,55aeb3da,CONNIELIUGH,2025-04-18,19:05:52,-07:00,2025-04-18T19:05:52-07:00,0,5
style.css,2,css,55aeb3da,CONNIELIUGH,2025-04-18,19:05:52,-07:00,2025-04-18T19:05:52-07:00,0,18
style.css,3,css,55aeb3da,CONNIELIUGH,2025-04-18,19:05:52,-07:00,2025-04-18T19:05:52-07:00,0,0
style.css,4,css,55aeb3da,CONNIELIUGH,2025-04-18,19:05:52,-07:00,2025-04-18T19:05:52-07:00,0,0
style.css,5,css,f9be1259,CONNIELIUGH,2025-04-11,20:03:45,-07:00,2025-04-11T20:03:45-07:00,0,4
style.css,6,css,f9be1259,CONNIELIUGH,2025-04-11,20:03:45,-07:00,2025-04-11T20:03:45-07:00,0,33
style.css,7,css,f9be1259,CONNIELIUGH,2025-04-11,20:03:45,-07:00,2025-04-11T20:03:45-07:00,0,33
style.css,8,css,f9be1259,CONNIELIUGH,2025-04-11,20:03:45,-07:00,2025-04-11T20:03:45-07:00,0,0
style.css,9,css,f9be1259,CONNIELIUGH,2025-04-11,20:03:45,-07:00,2025-04-11T20:03:45-07:00,0,0
style.css,10,css,44d693af,CONNIELIUGH,2025-04-25,15:01:33,-07:00,2025-04-25T15:01:33-07:00,0,0
style.css,11,css,44d693af,CONNIELIUGH,2025-04-25,15:01:33,-07:00,2025-04-25T15:01:33-07:00,0,23
style.css,12,css,44d693af,CONNIELIUGH,2025-04-25,15:01:33,-07:00,2025-04-25T15:01:33-07:00,0,16
style.css,13,css,44d693af,CONNIELIUGH,2025-04-25,15:01:33,-07:00,2025-04-25T15:01:33-07:00,0,18
style.css,14,css,44d693af,CONNIELIUGH,2025-04-25,15:01:33,-07:00,2025-04-25T15:01:33-07:00,0,0
style.css,15,css,f169ffdf,CONNIELIUGH,2025-04-04,17:20:21,-07:00,2025-04-04T17:20:21-07:00,0,5
style.css,16,css,f169ffdf,CONNIELIUGH,2025-04-04,17:20:21,-07:00,2025-04-04T17:20:21-07:00,0,44
style.css,17,css,f169ffdf,CONNIELIUGH,2025-04-04,17:20:21,-07:00,2025-04-04T17:20:21-07:00,0,43
style.css,18,css,f169ffdf,CONNIELIUGH,2025-04-04,17:20:21,-07:00,2025-04-04T17:20:21-07:00,0,1
style.css,19,css,f169ffdf,CONNIELIUGH,2025-04-04,17:20:21,-07:00,2025-04-04T17:20:21-07:00,0,24
style.css,20,css,f9be1259,CONNIELIUGH,2025-04-11,20:03:45,-07:00,2025-04-11T20:03:45-07:00,0,33
style.css,21,css,cf5f7ba6,CONNIELIUGH,2025-04-18,20:02:02,-07:00,2025-04-18T20:02:02-07:00,0,12
style.css,22,css,f9be1259,CONNIELIUGH,2025-04-11,20:03:45,-07:00,2025-04-11T20:03:45-07:00,0,0
style.css,23,css,f9be1259,CONNIELIUGH,2025-04-11,20:03:45,-07:00,2025-04-11T20:03:45-07:00,0,0
style.css,24,css,55aeb3da,CONNIELIUGH,2025-04-18,19:05:52,-07:00,2025-04-18T19:05:52-07:00,0,24
style.css,25,css,f9be1259,CONNIELIUGH,2025-04-11,20:03:45,-07:00,2025-04-11T20:03:45-07:00,0,0
style.css,26,css,55aeb3da,CONNIELIUGH,2025-04-18,19:05:52,-07:00,2025-04-18T19:05:52-07:00,0,4
style.css,27,css,cf5f7ba6,CONNIELIUGH,2025-04-18,20:02:02,-07:00,2025-04-18T20:02:02-07:00,0,16
style.css,28,css,f9be1259,CONNIELIUGH,2025-04-11,20:03:45,-07:00,2025-04-11T20:03:45-07:00,0,13
style.css,29,css,f9be1259,CONNIELIUGH,2025-04-11,20:03:45,-07:00,2025-04-11T20:03:45-07:00,0,20
style.css,30,css,55aeb3da,CONNIELIUGH,2025-04-18,19:05:52,-07:00,2025-04-18T19:05:52-07:00,0,48
style.css,31,css,55aeb3da,CONNIELIUGH,2025-04-18,19:05:52,-07:00,2025-04-18T19:05:52-07:00,0,40
style.css,32,css,f9be1259,CONNIELIUGH,2025-04-11,20:03:45,-07:00,2025-04-11T20:03:45-07:00,0,0
style.css,33,css,f9be1259,CONNIELIUGH,2025-04-11,20:03:45,-07:00,2025-04-11T20:03:45-07:00,0,0
style.css,34,css,55aeb3da,CONNIELIUGH,2025-04-18,19:05:52,-07:00,2025-04-18T19:05:52-07:00,0,6
style.css,35,css,55aeb3da,CONNIELIUGH,2025-04-18,19:05:52,-07:00,2025-04-18T19:05:52-07:00,0,7
style.css,36,css,55aeb3da,CONNIELIUGH,2025-04-18,19:05:52,-07:00,2025-04-18T19:05:52-07:00,0,21
style.css,37,css,55aeb3da,CONNIELIUGH,2025-04-18,19:05:52,-07:00,2025-04-18T19:05:52-07:00,0,14
style.css,38,css,55aeb3da,CONNIELIUGH,2025-04-18,19:05:52,-07:00,2025-04-18T19:05:52-07:00,0,18
style.css,39,css,55aeb3da,CONNIELIUGH,2025-04-18,19:05:52,-07:00,2025-04-18T19:05:52-07:00,0,14
style.css,40,css,55aeb3da,CONNIELIUGH,2025-04-18,19:05:52,-07:00,2025-04-18T19:05:52-07:00,0,0
style.css,41,css,f9be1259,CONNIELIUGH,2025-04-11,20:03:45,-07:00,2025-04-11T20:03:45-07:00,0,0
style.css,42,css,55aeb3da,CONNIELIUGH,2025-04-18,19:05:52,-07:00,2025-04-18T19:05:52-07:00,0,12
style.css,43,css,55aeb3da,CONNIELIUGH,2025-04-18,19:05:52,-07:00,2025-04-18T19:05:52-07:00,0,44
style.css,44,css,55aeb3da,CONNIELIUGH,2025-04-18,19:05:52,-07:00,2025-04-18T19:05:52-07:00,0,64
style.css,45,css,55aeb3da,CONNIELIUGH,2025-04-18,19:05:52,-07:00,2025-04-18T19:05:52-07:00,0,70
style.css,46,css,f9be1259,CONNIELIUGH,2025-04-11,20:03:45,-07:00,2025-04-11T20:03:45-07:00,0,0
style.css,47,css,55aeb3da,CONNIELIUGH,2025-04-18,19:05:52,-07:00,2025-04-18T19:05:52-07:00,0,0
style.css,48,css,f9be1259,CONNIELIUGH,2025-04-11,20:03:45,-07:00,2025-04-11T20:03:45-07:00,0,0
style.css,49,css,55aeb3da,CONNIELIUGH,2025-04-18,19:05:52,-07:00,2025-04-18T19:05:52-07:00,0,14
style.css,50,css,55aeb3da,CONNIELIUGH,2025-04-18,19:05:52,-07:00,2025-04-18T19:05:52-07:00,0,24
style.css,51,css,55aeb3da,CONNIELIUGH,2025-04-18,19:05:52,-07:00,2025-04-18T19:05:52-07:00,0,40
style.css,52,css,f9be1259,CONNIELIUGH,2025-04-11,20:03:45,-07:00,2025-04-11T20:03:45-07:00,0,0
style.css,53,css,f9be1259,CONNIELIUGH,2025-04-11,20:03:45,-07:00,2025-04-11T20:03:45-07:00,0,0
style.css,54,css,55aeb3da,CONNIELIUGH,2025-04-18,19:05:52,-07:00,2025-04-18T19:05:52-07:00,0,0
style.css,55,css,f9be1259,CONNIELIUGH,2025-04-11,20:03:45,-07:00,2025-04-11T20:03:45-07:00,0,3
style.css,56,css,f9be1259,CONNIELIUGH,2025-04-11,20:03:45,-07:00,2025-04-11T20:03:45-07:00,0,16
style.css,57,css,f9be1259,CONNIELIUGH,2025-04-11,20:03:45,-07:00,2025-04-11T20:03:45-07:00,0,24
style.css,58,css,f9be1259,CONNIELIUGH,2025-04-11,20:03:45,-07:00,2025-04-11T20:03:45-07:00,0,0
style.css,59,css,55aeb3da,CONNIELIUGH,2025-04-18,19:05:52,-07:00,2025-04-18T19:05:52-07:00,0,0
style.css,60,css,55aeb3da,CONNIELIUGH,2025-04-18,19:05:52,-07:00,2025-04-18T19:05:52-07:00,0,0
style.css,61,css,55aeb3da,CONNIELIUGH,2025-04-18,19:05:52,-07:00,2025-04-18T19:05:52-07:00,0,0
style.css,62,css,55aeb3da,CONNIELIUGH,2025-04-18,19:05:52,-07:00,2025-04-18T19:05:52-07:00,0,17
style.css,63,css,55aeb3da,CONNIELIUGH,2025-04-18,19:05:52,-07:00,2025-04-18T19:05:52-07:00,0,0
style.css,64,css,55aeb3da,CONNIELIUGH,2025-04-18,19:05:52,-07:00,2025-04-18T19:05:52-07:00,0,4
style.css,65,css,55aeb3da,CONNIELIUGH,2025-04-18,19:05:52,-07:00,2025-04-18T19:05:52-07:00,0,13
style.css,66,css,55aeb3da,CONNIELIUGH,2025-04-18,19:05:52,-07:00,2025-04-18T19:05:52-07:00,0,31
style.css,67,css,55aeb3da,CONNIELIUGH,2025-04-18,19:05:52,-07:00,2025-04-18T19:05:52-07:00,0,8
style.css,68,css,55aeb3da,CONNIELIUGH,2025-04-18,19:05:52,-07:00,2025-04-18T19:05:52-07:00,0,0
style.css,69,css,55aeb3da,CONNIELIUGH,2025-04-18,19:05:52,-07:00,2025-04-18T19:05:52-07:00,0,5
style.css,70,css,55aeb3da,CONNIELIUGH,2025-04-18,19:05:52,-07:00,2025-04-18T19:05:52-07:00,0,13
style.css,71,css,55aeb3da,CONNIELIUGH,2025-04-18,19:05:52,-07:00,2025-04-18T19:05:52-07:00,0,30
style.css,72,css,55aeb3da,CONNIELIUGH,2025-04-18,19:05:52,-07:00,2025-04-18T19:05:52-07:00,0,17
style.css,73,css,55aeb3da,CONNIELIUGH,2025-04-18,19:05:52,-07:00,2025-04-18T19:05:52-07:00,0,0
style.css,74,css,55aeb3da,CONNIELIUGH,2025-04-18,19:05:52,-07:00,2025-04-18T19:05:52-07:00,0,0
style.css,75,css,55aeb3da,CONNIELIUGH,2025-04-18,19:05:52,-07:00,2025-04-18T19:05:52-07:00,0,0
style.css,76,css,cf5f7ba6,CONNIELIUGH,2025-04-18,20:02:02,-07:00,2025-04-18T20:02:02-07:00,0,0
style.css,77,css,cf5f7ba6,CONNIELIUGH,2025-04-18,20:02:02,-07:00,2025-04-18T20:02:02-07:00,0,22
style.css,78,css,cf5f7ba6,CONNIELIUGH,2025-04-18,20:02:02,-07:00,2025-04-18T20:02:02-07:00,0,19
style.css,79,css,cf5f7ba6,CONNIELIUGH,2025-04-18,20:02:02,-07:00,2025-04-18T20:02:02-07:00,0,18
style.css,80,css,cf5f7ba6,CONNIELIUGH,2025-04-18,20:02:02,-07:00,2025-04-18T20:02:02-07:00,0,9
style.css,81,css,cf5f7ba6,CONNIELIUGH,2025-04-18,20:02:02,-07:00,2025-04-18T20:02:02-07:00,0,11
style.css,82,css,cf5f7ba6,CONNIELIUGH,2025-04-18,20:02:02,-07:00,2025-04-18T20:02:02-07:00,0,0
style.css,83,css,cf5f7ba6,CONNIELIUGH,2025-04-18,20:02:02,-07:00,2025-04-18T20:02:02-07:00,0,14
style.css,84,css,cf5f7ba6,CONNIELIUGH,2025-04-18,20:02:02,-07:00,2025-04-18T20:02:02-07:00,0,20
style.css,85,css,cf5f7ba6,CONNIELIUGH,2025-04-18,20:02:02,-07:00,2025-04-18T20:02:02-07:00,0,0
style.css,86,css,44d693af,CONNIELIUGH,2025-04-25,15:01:33,-07:00,2025-04-25T15:01:33-07:00,0,0
style.css,87,css,44d693af,CONNIELIUGH,2025-04-25,15:01:33,-07:00,2025-04-25T15:01:33-07:00,0,0
style.css,88,css,44d693af,CONNIELIUGH,2025-04-25,15:01:33,-07:00,2025-04-25T15:01:33-07:00,0,13
style.css,89,css,deecb7f3,CONNIELIUGH,2025-05-02,15:44:12,-07:00,2025-05-02T15:44:12-07:00,0,18
style.css,90,css,deecb7f3,CONNIELIUGH,2025-05-02,15:44:12,-07:00,2025-05-02T15:44:12-07:00,0,15
style.css,91,css,deecb7f3,CONNIELIUGH,2025-05-02,15:44:12,-07:00,2025-05-02T15:44:12-07:00,0,17
style.css,92,css,deecb7f3,CONNIELIUGH,2025-05-02,15:44:12,-07:00,2025-05-02T15:44:12-07:00,0,0
style.css,93,css,deecb7f3,CONNIELIUGH,2025-05-02,15:44:12,-07:00,2025-05-02T15:44:12-07:00,0,17
style.css,94,css,deecb7f3,CONNIELIUGH,2025-05-02,15:44:12,-07:00,2025-05-02T15:44:12-07:00,0,0
style.css,95,css,deecb7f3,CONNIELIUGH,2025-05-02,15:44:12,-07:00,2025-05-02T15:44:12-07:00,0,0
style.css,96,css,deecb7f3,CONNIELIUGH,2025-05-02,15:44:12,-07:00,2025-05-02T15:44:12-07:00,0,0
style.css,97,css,44d693af,CONNIELIUGH,2025-04-25,15:01:33,-07:00,2025-04-25T15:01:33-07:00,0,9
style.css,98,css,44d693af,CONNIELIUGH,2025-04-25,15:01:33,-07:00,2025-04-25T15:01:33-07:00,0,13
style.css,99,css,44d693af,CONNIELIUGH,2025-04-25,15:01:33,-07:00,2025-04-25T15:01:33-07:00,0,58
style.css,100,css,44d693af,CONNIELIUGH,2025-04-25,15:01:33,-07:00,2025-04-25T15:01:33-07:00,0,8
style.css,101,css,44d693af,CONNIELIUGH,2025-04-25,15:01:33,-07:00,2025-04-25T15:01:33-07:00,0,0
style.css,102,css,44d693af,CONNIELIUGH,2025-04-25,15:01:33,-07:00,2025-04-25T15:01:33-07:00,0,18
style.css,103,css,44d693af,CONNIELIUGH,2025-04-25,15:01:33,-07:00,2025-04-25T15:01:33-07:00,0,27
style.css,104,css,44d693af,CONNIELIUGH,2025-04-25,15:01:33,-07:00,2025-04-25T15:01:33-07:00,0,16
style.css,105,css,44d693af,CONNIELIUGH,2025-04-25,15:01:33,-07:00,2025-04-25T15:01:33-07:00,0,0
style.css,106,css,44d693af,CONNIELIUGH,2025-04-25,15:01:33,-07:00,2025-04-25T15:01:33-07:00,0,0
style.css,107,css,06437f8d,CONNIELIUGH,2025-04-25,20:59:25,-07:00,2025-04-25T20:59:25-07:00,0,13
style.css,108,css,06437f8d,CONNIELIUGH,2025-04-25,20:59:25,-07:00,2025-04-25T20:59:25-07:00,0,12
style.css,109,css,06437f8d,CONNIELIUGH,2025-04-25,20:59:25,-07:00,2025-04-25T20:59:25-07:00,0,13
style.css,110,css,06437f8d,CONNIELIUGH,2025-04-25,20:59:25,-07:00,2025-04-25T20:59:25-07:00,0,18
style.css,111,css,06437f8d,CONNIELIUGH,2025-04-25,20:59:25,-07:00,2025-04-25T20:59:25-07:00,0,0
style.css,112,css,06437f8d,CONNIELIUGH,2025-04-25,20:59:25,-07:00,2025-04-25T20:59:25-07:00,0,0
style.css,113,css,44d693af,CONNIELIUGH,2025-04-25,15:01:33,-07:00,2025-04-25T15:01:33-07:00,0,21
style.css,114,css,44d693af,CONNIELIUGH,2025-04-25,15:01:33,-07:00,2025-04-25T15:01:33-07:00,0,9
style.css,115,css,44d693af,CONNIELIUGH,2025-04-25,15:01:33,-07:00,2025-04-25T15:01:33-07:00,0,0
style.css,116,css,44d693af,CONNIELIUGH,2025-04-25,15:01:33,-07:00,2025-04-25T15:01:33-07:00,0,0
style.css,117,css,f227afd2,CONNIELIUGH,2025-05-02,21:45:52,-07:00,2025-05-02T21:45:52-07:00,0,18
style.css,118,css,f227afd2,CONNIELIUGH,2025-05-02,21:45:52,-07:00,2025-05-02T21:45:52-07:00,0,17
style.css,119,css,f227afd2,CONNIELIUGH,2025-05-02,21:45:52,-07:00,2025-05-02T21:45:52-07:00,0,12
style.css,120,css,f227afd2,CONNIELIUGH,2025-05-02,21:45:52,-07:00,2025-05-02T21:45:52-07:00,0,0
style.css,121,css,f227afd2,CONNIELIUGH,2025-05-02,21:45:52,-07:00,2025-05-02T21:45:52-07:00,0,0
style.css,122,css,f227afd2,CONNIELIUGH,2025-05-02,21:45:52,-07:00,2025-05-02T21:45:52-07:00,0,0
style.css,123,css,f227afd2,CONNIELIUGH,2025-05-02,21:45:52,-07:00,2025-05-02T21:45:52-07:00,0,5
style.css,124,css,f227afd2,CONNIELIUGH,2025-05-02,21:45:52,-07:00,2025-05-02T21:45:52-07:00,0,17
style.css,125,css,f227afd2,CONNIELIUGH,2025-05-02,21:45:52,-07:00,2025-05-02T21:45:52-07:00,0,15
style.css,126,css,f227afd2,CONNIELIUGH,2025-05-02,21:45:52,-07:00,2025-05-02T21:45:52-07:00,0,0
style.css,127,css,f227afd2,CONNIELIUGH,2025-05-02,21:45:52,-07:00,2025-05-02T21:45:52-07:00,0,0
style.css,128,css,f227afd2,CONNIELIUGH,2025-05-02,21:45:52,-07:00,2025-05-02T21:45:52-07:00,0,0
style.css,129,css,f227afd2,CONNIELIUGH,2025-05-02,21:45:52,-07:00,2025-05-02T21:45:52-07:00,0,10
style.css,130,css,f227afd2,CONNIELIUGH,2025-05-02,21:45:52,-07:00,2025-05-02T21:45:52-07:00,0,36
style.css,131,css,f227afd2,CONNIELIUGH,2025-05-02,21:45:52,-07:00,2025-05-02T21:45:52-07:00,0,0
style.css,132,css,f227afd2,CONNIELIUGH,2025-05-02,21:45:52,-07:00,2025-05-02T21:45:52-07:00,0,11
style.css,133,css,f227afd2,CONNIELIUGH,2025-05-02,21:45:52,-07:00,2025-05-02T21:45:52-07:00,0,18
style.css,134,css,f227afd2,CONNIELIUGH,2025-05-02,21:45:52,-07:00,2025-05-02T21:45:52-07:00,0,0
style.css,135,css,f227afd2,CONNIELIUGH,2025-05-02,21:45:52,-07:00,2025-05-02T21:45:52-07:00,0,0
style.css,136,css,f227afd2,CONNIELIUGH,2025-05-02,21:45:52,-07:00,2025-05-02T21:45:52-07:00,0,0
style.css,137,css,aa392997,CONNIELIUGH,2025-05-02,17:33:12,-07:00,2025-05-02T17:33:12-07:00,0,0
style.css,138,css,aa392997,CONNIELIUGH,2025-05-02,17:33:12,-07:00,2025-05-02T17:33:12-07:00,0,7
style.css,139,css,aa392997,CONNIELIUGH,2025-05-02,17:33:12,-07:00,2025-05-02T17:33:12-07:00,0,13
style.css,140,css,aa392997,CONNIELIUGH,2025-05-02,17:33:12,-07:00,2025-05-02T17:33:12-07:00,0,58
style.css,141,css,aa392997,CONNIELIUGH,2025-05-02,17:33:12,-07:00,2025-05-02T17:33:12-07:00,0,22
style.css,142,css,aa392997,CONNIELIUGH,2025-05-02,17:33:12,-07:00,2025-05-02T17:33:12-07:00,0,18
style.css,143,css,aa392997,CONNIELIUGH,2025-05-02,17:33:12,-07:00,2025-05-02T17:33:12-07:00,0,12
style.css,144,css,aa392997,CONNIELIUGH,2025-05-02,17:33:12,-07:00,2025-05-02T17:33:12-07:00,0,15
style.css,145,css,aa392997,CONNIELIUGH,2025-05-02,17:33:12,-07:00,2025-05-02T17:33:12-07:00,0,7
style.css,146,css,aa392997,CONNIELIUGH,2025-05-02,17:33:12,-07:00,2025-05-02T17:33:12-07:00,0,0
style.css,147,css,aa392997,CONNIELIUGH,2025-05-02,17:33:12,-07:00,2025-05-02T17:33:12-07:00,0,0
style.css,148,css,aa392997,CONNIELIUGH,2025-05-02,17:33:12,-07:00,2025-05-02T17:33:12-07:00,0,10
style.css,149,css,aa392997,CONNIELIUGH,2025-05-02,17:33:12,-07:00,2025-05-02T17:33:12-07:00,0,11
style.css,150,css,aa392997,CONNIELIUGH,2025-05-02,17:33:12,-07:00,2025-05-02T17:33:12-07:00,0,0
style.css,151,css,aa392997,CONNIELIUGH,2025-05-02,17:33:12,-07:00,2025-05-02T17:33:12-07:00,0,0
style.css,152,css,aa392997,CONNIELIUGH,2025-05-02,17:33:12,-07:00,2025-05-02T17:33:12-07:00,0,7
style.css,153,css,aa392997,CONNIELIUGH,2025-05-02,17:33:12,-07:00,2025-05-02T17:33:12-07:00,0,21
style.css,154,css,aa392997,CONNIELIUGH,2025-05-02,17:33:12,-07:00,2025-05-02T17:33:12-07:00,0,11
style.css,155,css,aa392997,CONNIELIUGH,2025-05-02,17:33:12,-07:00,2025-05-02T17:33:12-07:00,0,17
style.css,156,css,aa392997,CONNIELIUGH,2025-05-02,17:33:12,-07:00,2025-05-02T17:33:12-07:00,0,30
style.css,157,css,aa392997,CONNIELIUGH,2025-05-02,17:33:12,-07:00,2025-05-02T17:33:12-07:00,0,18
style.css,158,css,aa392997,CONNIELIUGH,2025-05-02,17:33:12,-07:00,2025-05-02T17:33:12-07:00,0,0
style.css,159,css,aa392997,CONNIELIUGH,2025-05-02,17:33:12,-07:00,2025-05-02T17:33:12-07:00,0,0
style.css,160,css,aa392997,CONNIELIUGH,2025-05-02,17:33:12,-07:00,2025-05-02T17:33:12-07:00,0,0
style.css,161,css,aa392997,CONNIELIUGH,2025-05-02,17:33:12,-07:00,2025-05-02T17:33:12-07:00,0,14
style.css,162,css,aa392997,CONNIELIUGH,2025-05-02,17:33:12,-07:00,2025-05-02T17:33:12-07:00,0,13
style.css,163,css,aa392997,CONNIELIUGH,2025-05-02,17:33:12,-07:00,2025-05-02T17:33:12-07:00,0,19
style.css,164,css,aa392997,CONNIELIUGH,2025-05-02,17:33:12,-07:00,2025-05-02T17:33:12-07:00,0,10
style.css,165,css,aa392997,CONNIELIUGH,2025-05-02,17:33:12,-07:00,2025-05-02T17:33:12-07:00,0,0
style.css,166,css,aa392997,CONNIELIUGH,2025-05-02,17:33:12,-07:00,2025-05-02T17:33:12-07:00,0,0
style.css,167,css,aa392997,CONNIELIUGH,2025-05-02,17:33:12,-07:00,2025-05-02T17:33:12-07:00,0,0
style.css,168,css,aa392997,CONNIELIUGH,2025-05-02,17:33:12,-07:00,2025-05-02T17:33:12-07:00,0,10
style.css,169,css,aa392997,CONNIELIUGH,2025-05-02,17:33:12,-07:00,2025-05-02T17:33:12-07:00,0,13
style.css,170,css,aa392997,CONNIELIUGH,2025-05-02,17:33:12,-07:00,2025-05-02T17:33:12-07:00,0,19
style.css,171,css,aa392997,CONNIELIUGH,2025-05-02,17:33:12,-07:00,2025-05-02T17:33:12-07:00,0,9
style.css,172,css,aa392997,CONNIELIUGH,2025-05-02,17:33:12,-07:00,2025-05-02T17:33:12-07:00,0,15
style.css,173,css,aa392997,CONNIELIUGH,2025-05-02,17:33:12,-07:00,2025-05-02T17:33:12-07:00,0,0
style.css,174,css,aa392997,CONNIELIUGH,2025-05-02,17:33:12,-07:00,2025-05-02T17:33:12-07:00,0,0
style.css,175,css,aa392997,CONNIELIUGH,2025-05-02,17:33:12,-07:00,2025-05-02T17:33:12-07:00,0,0
style.css,176,css,aa392997,CONNIELIUGH,2025-05-02,17:33:12,-07:00,2025-05-02T17:33:12-07:00,0,0
style.css,177,css,aa392997,CONNIELIUGH,2025-05-02,17:33:12,-07:00,2025-05-02T17:33:12-07:00,0,0
style.css,178,css,06437f8d,CONNIELIUGH,2025-04-25,20:59:25,-07:00,2025-04-25T20:59:25-07:00,0,17
style.css,179,css,06437f8d,CONNIELIUGH,2025-04-25,20:59:25,-07:00,2025-04-25T20:59:25-07:00,0,13
style.css,180,css,06437f8d,CONNIELIUGH,2025-04-25,20:59:25,-07:00,2025-04-25T20:59:25-07:00,0,37
style.css,181,css,06437f8d,CONNIELIUGH,2025-04-25,20:59:25,-07:00,2025-04-25T20:59:25-07:00,0,11
style.css,182,css,06437f8d,CONNIELIUGH,2025-04-25,20:59:25,-07:00,2025-04-25T20:59:25-07:00,0,0
style.css,183,css,06437f8d,CONNIELIUGH,2025-04-25,20:59:25,-07:00,2025-04-25T20:59:25-07:00,0,0
style.css,184,css,06437f8d,CONNIELIUGH,2025-04-25,20:59:25,-07:00,2025-04-25T20:59:25-07:00,0,17
style.css,185,css,06437f8d,CONNIELIUGH,2025-04-25,20:59:25,-07:00,2025-04-25T20:59:25-07:00,0,11
style.css,186,css,06437f8d,CONNIELIUGH,2025-04-25,20:59:25,-07:00,2025-04-25T20:59:25-07:00,0,40
style.css,187,css,06437f8d,CONNIELIUGH,2025-04-25,20:59:25,-07:00,2025-04-25T20:59:25-07:00,0,18
style.css,188,css,06437f8d,CONNIELIUGH,2025-04-25,20:59:25,-07:00,2025-04-25T20:59:25-07:00,0,11
style.css,189,css,06437f8d,CONNIELIUGH,2025-04-25,20:59:25,-07:00,2025-04-25T20:59:25-07:00,0,0
style.css,190,css,06437f8d,CONNIELIUGH,2025-04-25,20:59:25,-07:00,2025-04-25T20:59:25-07:00,0,0
style.css,191,css,06437f8d,CONNIELIUGH,2025-04-25,20:59:25,-07:00,2025-04-25T20:59:25-07:00,0,0
style.css,192,css,06437f8d,CONNIELIUGH,2025-04-25,20:59:25,-07:00,2025-04-25T20:59:25-07:00,0,17
style.css,193,css,06437f8d,CONNIELIUGH,2025-04-25,20:59:25,-07:00,2025-04-25T20:59:25-07:00,0,11
style.css,194,css,06437f8d,CONNIELIUGH,2025-04-25,20:59:25,-07:00,2025-04-25T20:59:25-07:00,0,18
style.css,195,css,06437f8d,CONNIELIUGH,2025-04-25,20:59:25,-07:00,2025-04-25T20:59:25-07:00,0,0
style.css,196,css,44d693af,CONNIELIUGH,2025-04-25,15:01:33,-07:00,2025-04-25T15:01:33-07:00,0,0
style.css,197,css,44d693af,CONNIELIUGH,2025-04-25,15:01:33,-07:00,2025-04-25T15:01:33-07:00,0,0
style.css,198,css,44d693af,CONNIELIUGH,2025-04-25,15:01:33,-07:00,2025-04-25T15:01:33-07:00,0,0
style.css,199,css,44d693af,CONNIELIUGH,2025-04-25,15:01:33,-07:00,2025-04-25T15:01:33-07:00,0,0
index.js,1,js,06437f8d,CONNIELIUGH,2025-04-25,20:59:25,-07:00,2025-04-25T20:59:25-07:00,0,73
index.js,2,js,2fb51cd3,CONNIELIUGH,2025-04-25,19:24:17,-07:00,2025-04-25T19:24:17-07:00,0,0
index.js,3,js,2fb51cd3,CONNIELIUGH,2025-04-25,19:24:17,-07:00,2025-04-25T19:24:17-07:00,0,55
index.js,4,js,2fb51cd3,CONNIELIUGH,2025-04-25,19:24:17,-07:00,2025-04-25T19:24:17-07:00,0,0
index.js,5,js,2fb51cd3,CONNIELIUGH,2025-04-25,19:24:17,-07:00,2025-04-25T19:24:17-07:00,0,43
index.js,6,js,2fb51cd3,CONNIELIUGH,2025-04-25,19:24:17,-07:00,2025-04-25T19:24:17-07:00,0,0
index.js,7,js,2fb51cd3,CONNIELIUGH,2025-04-25,19:24:17,-07:00,2025-04-25T19:24:17-07:00,0,61
index.js,8,js,2fb51cd3,CONNIELIUGH,2025-04-25,19:24:17,-07:00,2025-04-25T19:24:17-07:00,0,0
index.js,9,js,2fb51cd3,CONNIELIUGH,2025-04-25,19:24:17,-07:00,2025-04-25T19:24:17-07:00,0,55
index.js,10,js,2fb51cd3,CONNIELIUGH,2025-04-25,19:24:17,-07:00,2025-04-25T19:24:17-07:00,0,0
index.js,11,js,06437f8d,CONNIELIUGH,2025-04-25,20:59:25,-07:00,2025-04-25T20:59:25-07:00,0,55
index.js,12,js,06437f8d,CONNIELIUGH,2025-04-25,20:59:25,-07:00,2025-04-25T20:59:25-07:00,0,0
index.js,13,js,06437f8d,CONNIELIUGH,2025-04-25,20:59:25,-07:00,2025-04-25T20:59:25-07:00,0,61
index.js,14,js,06437f8d,CONNIELIUGH,2025-04-25,20:59:25,-07:00,2025-04-25T20:59:25-07:00,0,0
index.js,15,js,06437f8d,CONNIELIUGH,2025-04-25,20:59:25,-07:00,2025-04-25T20:59:25-07:00,0,18
index.js,16,js,06437f8d,CONNIELIUGH,2025-04-25,20:59:25,-07:00,2025-04-25T20:59:25-07:00,0,25
index.js,17,js,06437f8d,CONNIELIUGH,2025-04-25,20:59:25,-07:00,2025-04-25T20:59:25-07:00,0,3
index.js,18,js,06437f8d,CONNIELIUGH,2025-04-25,20:59:25,-07:00,2025-04-25T20:59:25-07:00,0,56
index.js,19,js,06437f8d,CONNIELIUGH,2025-04-25,20:59:25,-07:00,2025-04-25T20:59:25-07:00,0,56
index.js,20,js,06437f8d,CONNIELIUGH,2025-04-25,20:59:25,-07:00,2025-04-25T20:59:25-07:00,0,50
index.js,21,js,06437f8d,CONNIELIUGH,2025-04-25,20:59:25,-07:00,2025-04-25T20:59:25-07:00,0,50
index.js,22,js,06437f8d,CONNIELIUGH,2025-04-25,20:59:25,-07:00,2025-04-25T20:59:25-07:00,0,4
index.js,23,js,06437f8d,CONNIELIUGH,2025-04-25,20:59:25,-07:00,2025-04-25T20:59:25-07:00,0,1
index.js,24,js,06437f8d,CONNIELIUGH,2025-04-25,20:59:25,-07:00,2025-04-25T20:59:25-07:00,0,0
index.js,25,js,06437f8d,CONNIELIUGH,2025-04-25,20:59:25,-07:00,2025-04-25T20:59:25-07:00,0,0
index.html,1,html,401150e2,CONNIELIUGH,2025-04-04,16:44:44,-07:00,2025-04-04T16:44:44-07:00,0,14
index.html,2,html,401150e2,CONNIELIUGH,2025-04-04,16:44:44,-07:00,2025-04-04T16:44:44-07:00,0,15
index.html,3,html,401150e2,CONNIELIUGH,2025-04-04,16:44:44,-07:00,2025-04-04T16:44:44-07:00,0,5
index.html,4,html,f9be1259,CONNIELIUGH,2025-04-11,20:03:45,-07:00,2025-04-11T20:03:45-07:00,0,0
index.html,5,html,401150e2,CONNIELIUGH,2025-04-04,16:44:44,-07:00,2025-04-04T16:44:44-07:00,0,21
index.html,6,html,401150e2,CONNIELIUGH,2025-04-04,16:44:44,-07:00,2025-04-04T16:44:44-07:00,0,69
index.html,7,html,401150e2,CONNIELIUGH,2025-04-04,16:44:44,-07:00,2025-04-04T16:44:44-07:00,0,53
index.html,8,html,f9be1259,CONNIELIUGH,2025-04-11,20:03:45,-07:00,2025-04-11T20:03:45-07:00,0,43
index.html,9,html,1da2fa8b,CONNIELIUGH,2025-04-18,17:16:04,-07:00,2025-04-18T17:16:04-07:00,0,50
index.html,10,html,2fb51cd3,CONNIELIUGH,2025-04-25,19:24:17,-07:00,2025-04-25T19:24:17-07:00,0,51
index.html,11,html,401150e2,CONNIELIUGH,2025-04-04,16:44:44,-07:00,2025-04-04T16:44:44-07:00,0,6
index.html,12,html,401150e2,CONNIELIUGH,2025-04-04,16:44:44,-07:00,2025-04-04T16:44:44-07:00,0,5
index.html,13,html,401150e2,CONNIELIUGH,2025-04-04,16:44:44,-07:00,2025-04-04T16:44:44-07:00,0,18
index.html,14,html,d2bdda67,CONNIELIUGH,2025-04-18,17:48:37,-07:00,2025-04-18T17:48:37-07:00,0,9
index.html,15,html,59a855a0,CONNIELIUGH,2025-04-05,19:50:36,-07:00,2025-04-05T19:50:36-07:00,0,3
index.html,16,html,1da2fa8b,CONNIELIUGH,2025-04-18,17:16:04,-07:00,2025-04-18T17:16:04-07:00,0,39
index.html,17,html,59a855a0,CONNIELIUGH,2025-04-05,19:50:36,-07:00,2025-04-05T19:50:36-07:00,0,53
index.html,18,html,59a855a0,CONNIELIUGH,2025-04-05,19:50:36,-07:00,2025-04-05T19:50:36-07:00,0,51
index.html,19,html,59a855a0,CONNIELIUGH,2025-04-05,19:50:36,-07:00,2025-04-05T19:50:36-07:00,0,96
index.html,20,html,59a855a0,CONNIELIUGH,2025-04-05,19:50:36,-07:00,2025-04-05T19:50:36-07:00,0,43
index.html,21,html,59a855a0,CONNIELIUGH,2025-04-05,19:50:36,-07:00,2025-04-05T19:50:36-07:00,0,4
index.html,22,html,d2bdda67,CONNIELIUGH,2025-04-18,17:48:37,-07:00,2025-04-18T17:48:37-07:00,0,9
index.html,23,html,d2bdda67,CONNIELIUGH,2025-04-18,17:48:37,-07:00,2025-04-18T17:48:37-07:00,0,0
index.html,24,html,e85061f1,CONNIELIUGH,2025-04-05,19:30:31,-07:00,2025-04-05T19:30:31-07:00,0,127
index.html,25,html,e50388de,CONNIELIUGH,2025-04-04,16:58:30,-07:00,2025-04-04T16:58:30-07:00,0,66
index.html,26,html,413d6f65,CONNIELIUGH,2025-04-05,19:22:51,-07:00,2025-04-05T19:22:51-07:00,0,0
index.html,27,html,2fb51cd3,CONNIELIUGH,2025-04-25,19:24:17,-07:00,2025-04-25T19:24:17-07:00,0,23
index.html,28,html,06437f8d,CONNIELIUGH,2025-04-25,20:59:25,-07:00,2025-04-25T20:59:25-07:00,0,27
index.html,29,html,06437f8d,CONNIELIUGH,2025-04-25,20:59:25,-07:00,2025-04-25T20:59:25-07:00,0,23
index.html,30,html,06437f8d,CONNIELIUGH,2025-04-25,20:59:25,-07:00,2025-04-25T20:59:25-07:00,0,31
index.html,31,html,2fb51cd3,CONNIELIUGH,2025-04-25,19:24:17,-07:00,2025-04-25T19:24:17-07:00,0,0
index.html,32,html,2fb51cd3,CONNIELIUGH,2025-04-25,19:24:17,-07:00,2025-04-25T19:24:17-07:00,0,0
index.html,33,html,401150e2,CONNIELIUGH,2025-04-04,16:44:44,-07:00,2025-04-04T16:44:44-07:00,0,6
index.html,34,html,401150e2,CONNIELIUGH,2025-04-04,16:44:44,-07:00,2025-04-04T16:44:44-07:00,0,6
global.js,1,js,1da2fa8b,CONNIELIUGH,2025-04-18,17:16:04,-07:00,2025-04-18T17:16:04-07:00,0,25
global.js,2,js,1da2fa8b,CONNIELIUGH,2025-04-18,17:16:04,-07:00,2025-04-18T17:16:04-07:00,0,0
global.js,3,js,1da2fa8b,CONNIELIUGH,2025-04-18,17:16:04,-07:00,2025-04-18T17:16:04-07:00,0,42
global.js,4,js,1da2fa8b,CONNIELIUGH,2025-04-18,17:16:04,-07:00,2025-04-18T17:16:04-07:00,0,53
global.js,5,js,1da2fa8b,CONNIELIUGH,2025-04-18,17:16:04,-07:00,2025-04-18T17:16:04-07:00,0,0
global.js,6,js,1da2fa8b,CONNIELIUGH,2025-04-18,17:16:04,-07:00,2025-04-18T17:16:04-07:00,0,0
global.js,7,js,d2bdda67,CONNIELIUGH,2025-04-18,17:48:37,-07:00,2025-04-18T17:48:37-07:00,0,29
global.js,8,js,d2bdda67,CONNIELIUGH,2025-04-18,17:48:37,-07:00,2025-04-18T17:48:37-07:00,0,0
global.js,9,js,d2bdda67,CONNIELIUGH,2025-04-18,17:48:37,-07:00,2025-04-18T17:48:37-07:00,0,34
global.js,10,js,d2bdda67,CONNIELIUGH,2025-04-18,17:48:37,-07:00,2025-04-18T17:48:37-07:00,0,74
global.js,11,js,d2bdda67,CONNIELIUGH,2025-04-18,17:48:37,-07:00,2025-04-18T17:48:37-07:00,0,4
global.js,12,js,d2bdda67,CONNIELIUGH,2025-04-18,17:48:37,-07:00,2025-04-18T17:48:37-07:00,0,0
global.js,13,js,d2bdda67,CONNIELIUGH,2025-04-18,17:48:37,-07:00,2025-04-18T17:48:37-07:00,0,40
global.js,14,js,d2bdda67,CONNIELIUGH,2025-04-18,17:48:37,-07:00,2025-04-18T17:48:37-07:00,0,0
global.js,15,js,d2bdda67,CONNIELIUGH,2025-04-18,17:48:37,-07:00,2025-04-18T17:48:37-07:00,0,0
global.js,16,js,d2bdda67,CONNIELIUGH,2025-04-18,17:48:37,-07:00,2025-04-18T17:48:37-07:00,0,0
global.js,17,js,d2bdda67,CONNIELIUGH,2025-04-18,17:48:37,-07:00,2025-04-18T17:48:37-07:00,0,12
global.js,18,js,d2bdda67,CONNIELIUGH,2025-04-18,17:48:37,-07:00,2025-04-18T17:48:37-07:00,0,24
global.js,19,js,bb055ac5,CONNIELIUGH,2025-05-02,22:43:32,-07:00,2025-05-02T22:43:32-07:00,0,46
global.js,20,js,bb055ac5,CONNIELIUGH,2025-05-02,22:43:32,-07:00,2025-05-02T22:43:32-07:00,0,43
global.js,21,js,bb055ac5,CONNIELIUGH,2025-05-02,22:43:32,-07:00,2025-05-02T22:43:32-07:00,0,45
global.js,22,js,00000000,Not Committed Yet,2025-05-10,19:21:38,-07:00,2025-05-10T19:21:38-07:00,0,39
global.js,23,js,d2bdda67,CONNIELIUGH,2025-04-18,17:48:37,-07:00,2025-04-18T17:48:37-07:00,0,63
global.js,24,js,d2bdda67,CONNIELIUGH,2025-04-18,17:48:37,-07:00,2025-04-18T17:48:37-07:00,0,0
global.js,25,js,d2bdda67,CONNIELIUGH,2025-04-18,17:48:37,-07:00,2025-04-18T17:48:37-07:00,0,0
global.js,26,js,d2bdda67,CONNIELIUGH,2025-04-18,17:48:37,-07:00,2025-04-18T17:48:37-07:00,0,39
global.js,27,js,d2bdda67,CONNIELIUGH,2025-04-18,17:48:37,-07:00,2025-04-18T17:48:37-07:00,0,26
global.js,28,js,d2bdda67,CONNIELIUGH,2025-04-18,17:48:37,-07:00,2025-04-18T17:48:37-07:00,0,0
global.js,29,js,d2bdda67,CONNIELIUGH,2025-04-18,17:48:37,-07:00,2025-04-18T17:48:37-07:00,0,20
global.js,30,js,d2bdda67,CONNIELIUGH,2025-04-18,17:48:37,-07:00,2025-04-18T17:48:37-07:00,0,15
global.js,31,js,d2bdda67,CONNIELIUGH,2025-04-18,17:48:37,-07:00,2025-04-18T17:48:37-07:00,0,19
global.js,32,js,d2bdda67,CONNIELIUGH,2025-04-18,17:48:37,-07:00,2025-04-18T17:48:37-07:00,0,89
global.js,33,js,d2bdda67,CONNIELIUGH,2025-04-18,17:48:37,-07:00,2025-04-18T17:48:37-07:00,0,37
global.js,34,js,d2bdda67,CONNIELIUGH,2025-04-18,17:48:37,-07:00,2025-04-18T17:48:37-07:00,0,47
global.js,35,js,d2bdda67,CONNIELIUGH,2025-04-18,17:48:37,-07:00,2025-04-18T17:48:37-07:00,0,53
global.js,36,js,d2bdda67,CONNIELIUGH,2025-04-18,17:48:37,-07:00,2025-04-18T17:48:37-07:00,0,73
global.js,37,js,d2bdda67,CONNIELIUGH,2025-04-18,17:48:37,-07:00,2025-04-18T17:48:37-07:00,0,35
global.js,38,js,d2bdda67,CONNIELIUGH,2025-04-18,17:48:37,-07:00,2025-04-18T17:48:37-07:00,0,12
global.js,39,js,d2bdda67,CONNIELIUGH,2025-04-18,17:48:37,-07:00,2025-04-18T17:48:37-07:00,0,21
global.js,40,js,d2bdda67,CONNIELIUGH,2025-04-18,17:48:37,-07:00,2025-04-18T17:48:37-07:00,0,13
global.js,41,js,d2bdda67,CONNIELIUGH,2025-04-18,17:48:37,-07:00,2025-04-18T17:48:37-07:00,0,0
global.js,42,js,d2bdda67,CONNIELIUGH,2025-04-18,17:48:37,-07:00,2025-04-18T17:48:37-07:00,0,28
global.js,43,js,d2bdda67,CONNIELIUGH,2025-04-18,17:48:37,-07:00,2025-04-18T17:48:37-07:00,0,60
global.js,44,js,d2bdda67,CONNIELIUGH,2025-04-18,17:48:37,-07:00,2025-04-18T17:48:37-07:00,0,1
global.js,45,js,d2bdda67,CONNIELIUGH,2025-04-18,17:48:37,-07:00,2025-04-18T17:48:37-07:00,0,40
global.js,46,js,d2bdda67,CONNIELIUGH,2025-04-18,17:48:37,-07:00,2025-04-18T17:48:37-07:00,0,30
global.js,47,js,d2bdda67,CONNIELIUGH,2025-04-18,17:48:37,-07:00,2025-04-18T17:48:37-07:00,0,19
global.js,48,js,d2bdda67,CONNIELIUGH,2025-04-18,17:48:37,-07:00,2025-04-18T17:48:37-07:00,0,0
global.js,49,js,d2bdda67,CONNIELIUGH,2025-04-18,17:48:37,-07:00,2025-04-18T17:48:37-07:00,0,0
global.js,50,js,d2bdda67,CONNIELIUGH,2025-04-18,17:48:37,-07:00,2025-04-18T17:48:37-07:00,0,0
global.js,51,js,1da2fa8b,CONNIELIUGH,2025-04-18,17:16:04,-07:00,2025-04-18T17:16:04-07:00,0,0
global.js,52,js,cf5f7ba6,CONNIELIUGH,2025-04-18,20:02:02,-07:00,2025-04-18T20:02:02-07:00,0,29
global.js,53,js,cf5f7ba6,CONNIELIUGH,2025-04-18,20:02:02,-07:00,2025-04-18T20:02:02-07:00,0,0
global.js,54,js,cf5f7ba6,CONNIELIUGH,2025-04-18,20:02:02,-07:00,2025-04-18T20:02:02-07:00,0,32
global.js,55,js,cf5f7ba6,CONNIELIUGH,2025-04-18,20:02:02,-07:00,2025-04-18T20:02:02-07:00,0,12
global.js,56,js,cf5f7ba6,CONNIELIUGH,2025-04-18,20:02:02,-07:00,2025-04-18T20:02:02-07:00,0,28
global.js,57,js,cf5f7ba6,CONNIELIUGH,2025-04-18,20:02:02,-07:00,2025-04-18T20:02:02-07:00,0,5
global.js,58,js,cf5f7ba6,CONNIELIUGH,2025-04-18,20:02:02,-07:00,2025-04-18T20:02:02-07:00,0,7
global.js,59,js,cf5f7ba6,CONNIELIUGH,2025-04-18,20:02:02,-07:00,2025-04-18T20:02:02-07:00,0,44
global.js,60,js,cf5f7ba6,CONNIELIUGH,2025-04-18,20:02:02,-07:00,2025-04-18T20:02:02-07:00,0,35
global.js,61,js,cf5f7ba6,CONNIELIUGH,2025-04-18,20:02:02,-07:00,2025-04-18T20:02:02-07:00,0,33
global.js,62,js,cf5f7ba6,CONNIELIUGH,2025-04-18,20:02:02,-07:00,2025-04-18T20:02:02-07:00,0,8
global.js,63,js,cf5f7ba6,CONNIELIUGH,2025-04-18,20:02:02,-07:00,2025-04-18T20:02:02-07:00,0,8
global.js,64,js,cf5f7ba6,CONNIELIUGH,2025-04-18,20:02:02,-07:00,2025-04-18T20:02:02-07:00,0,1
global.js,65,js,cf5f7ba6,CONNIELIUGH,2025-04-18,20:02:02,-07:00,2025-04-18T20:02:02-07:00,0,0
global.js,66,js,cf5f7ba6,CONNIELIUGH,2025-04-18,20:02:02,-07:00,2025-04-18T20:02:02-07:00,0,0
global.js,67,js,cf5f7ba6,CONNIELIUGH,2025-04-18,20:02:02,-07:00,2025-04-18T20:02:02-07:00,0,45
global.js,68,js,cf5f7ba6,CONNIELIUGH,2025-04-18,20:02:02,-07:00,2025-04-18T20:02:02-07:00,0,0
global.js,69,js,cf5f7ba6,CONNIELIUGH,2025-04-18,20:02:02,-07:00,2025-04-18T20:02:02-07:00,0,50
global.js,70,js,cf5f7ba6,CONNIELIUGH,2025-04-18,20:02:02,-07:00,2025-04-18T20:02:02-07:00,0,58
global.js,71,js,cf5f7ba6,CONNIELIUGH,2025-04-18,20:02:02,-07:00,2025-04-18T20:02:02-07:00,0,78
global.js,72,js,cf5f7ba6,CONNIELIUGH,2025-04-18,20:02:02,-07:00,2025-04-18T20:02:02-07:00,0,0
global.js,73,js,cf5f7ba6,CONNIELIUGH,2025-04-18,20:02:02,-07:00,2025-04-18T20:02:02-07:00,0,45
global.js,74,js,cf5f7ba6,CONNIELIUGH,2025-04-18,20:02:02,-07:00,2025-04-18T20:02:02-07:00,0,0
global.js,75,js,cf5f7ba6,CONNIELIUGH,2025-04-18,20:02:02,-07:00,2025-04-18T20:02:02-07:00,0,0
global.js,76,js,cf5f7ba6,CONNIELIUGH,2025-04-18,20:02:02,-07:00,2025-04-18T20:02:02-07:00,0,2
global.js,77,js,cf5f7ba6,CONNIELIUGH,2025-04-18,20:02:02,-07:00,2025-04-18T20:02:02-07:00,0,0
global.js,78,js,cf5f7ba6,CONNIELIUGH,2025-04-18,20:02:02,-07:00,2025-04-18T20:02:02-07:00,0,35
global.js,79,js,cf5f7ba6,CONNIELIUGH,2025-04-18,20:02:02,-07:00,2025-04-18T20:02:02-07:00,0,38
global.js,80,js,cf5f7ba6,CONNIELIUGH,2025-04-18,20:02:02,-07:00,2025-04-18T20:02:02-07:00,0,65
global.js,81,js,cf5f7ba6,CONNIELIUGH,2025-04-18,20:02:02,-07:00,2025-04-18T20:02:02-07:00,0,67
global.js,82,js,cf5f7ba6,CONNIELIUGH,2025-04-18,20:02:02,-07:00,2025-04-18T20:02:02-07:00,0,0
global.js,83,js,1da2fa8b,CONNIELIUGH,2025-04-18,17:16:04,-07:00,2025-04-18T17:16:04-07:00,0,0
global.js,84,js,44d693af,CONNIELIUGH,2025-04-25,15:01:33,-07:00,2025-04-25T15:01:33-07:00,0,0
global.js,85,js,44d693af,CONNIELIUGH,2025-04-25,15:01:33,-07:00,2025-04-25T15:01:33-07:00,0,0
global.js,86,js,44d693af,CONNIELIUGH,2025-04-25,15:01:33,-07:00,2025-04-25T15:01:33-07:00,0,7
global.js,87,js,44d693af,CONNIELIUGH,2025-04-25,15:01:33,-07:00,2025-04-25T15:01:33-07:00,0,37
global.js,88,js,44d693af,CONNIELIUGH,2025-04-25,15:01:33,-07:00,2025-04-25T15:01:33-07:00,0,4
global.js,89,js,44d693af,CONNIELIUGH,2025-04-25,15:01:33,-07:00,2025-04-25T15:01:33-07:00,0,40
global.js,90,js,44d693af,CONNIELIUGH,2025-04-25,15:01:33,-07:00,2025-04-25T15:01:33-07:00,0,33
global.js,91,js,44d693af,CONNIELIUGH,2025-04-25,15:01:33,-07:00,2025-04-25T15:01:33-07:00,0,18
global.js,92,js,44d693af,CONNIELIUGH,2025-04-25,15:01:33,-07:00,2025-04-25T15:01:33-07:00,0,67
global.js,93,js,44d693af,CONNIELIUGH,2025-04-25,15:01:33,-07:00,2025-04-25T15:01:33-07:00,0,0
global.js,94,js,44d693af,CONNIELIUGH,2025-04-25,15:01:33,-07:00,2025-04-25T15:01:33-07:00,0,34
global.js,95,js,44d693af,CONNIELIUGH,2025-04-25,15:01:33,-07:00,2025-04-25T15:01:33-07:00,0,11
global.js,96,js,44d693af,CONNIELIUGH,2025-04-25,15:01:33,-07:00,2025-04-25T15:01:33-07:00,0,0
global.js,97,js,44d693af,CONNIELIUGH,2025-04-25,15:01:33,-07:00,2025-04-25T15:01:33-07:00,0,16
global.js,98,js,44d693af,CONNIELIUGH,2025-04-25,15:01:33,-07:00,2025-04-25T15:01:33-07:00,0,0
global.js,99,js,44d693af,CONNIELIUGH,2025-04-25,15:01:33,-07:00,2025-04-25T15:01:33-07:00,0,60
global.js,100,js,44d693af,CONNIELIUGH,2025-04-25,15:01:33,-07:00,2025-04-25T15:01:33-07:00,0,0
global.js,101,js,44d693af,CONNIELIUGH,2025-04-25,15:01:33,-07:00,2025-04-25T15:01:33-07:00,0,0
global.js,102,js,44d693af,CONNIELIUGH,2025-04-25,15:01:33,-07:00,2025-04-25T15:01:33-07:00,0,0
global.js,103,js,44d693af,CONNIELIUGH,2025-04-25,15:01:33,-07:00,2025-04-25T15:01:33-07:00,0,0
global.js,104,js,44d693af,CONNIELIUGH,2025-04-25,15:01:33,-07:00,2025-04-25T15:01:33-07:00,0,78
global.js,105,js,44d693af,CONNIELIUGH,2025-04-25,15:01:33,-07:00,2025-04-25T15:01:33-07:00,0,0
global.js,106,js,aa392997,CONNIELIUGH,2025-05-02,17:33:12,-07:00,2025-05-02T17:33:12-07:00,0,31
global.js,107,js,44d693af,CONNIELIUGH,2025-04-25,15:01:33,-07:00,2025-04-25T15:01:33-07:00,0,41
global.js,108,js,44d693af,CONNIELIUGH,2025-04-25,15:01:33,-07:00,2025-04-25T15:01:33-07:00,0,49
global.js,109,js,44d693af,CONNIELIUGH,2025-04-25,15:01:33,-07:00,2025-04-25T15:01:33-07:00,0,0
global.js,110,js,44d693af,CONNIELIUGH,2025-04-25,15:01:33,-07:00,2025-04-25T15:01:33-07:00,0,18
global.js,111,js,44d693af,CONNIELIUGH,2025-04-25,15:01:33,-07:00,2025-04-25T15:01:33-07:00,0,54
global.js,112,js,44d693af,CONNIELIUGH,2025-04-25,15:01:33,-07:00,2025-04-25T15:01:33-07:00,0,56
global.js,113,js,deecb7f3,CONNIELIUGH,2025-05-02,15:44:12,-07:00,2025-05-02T15:44:12-07:00,0,31
global.js,114,js,deecb7f3,CONNIELIUGH,2025-05-02,15:44:12,-07:00,2025-05-02T15:44:12-07:00,0,101
global.js,115,js,44d693af,CONNIELIUGH,2025-04-25,15:01:33,-07:00,2025-04-25T15:01:33-07:00,0,0
global.js,116,js,44d693af,CONNIELIUGH,2025-04-25,15:01:33,-07:00,2025-04-25T15:01:33-07:00,0,37
global.js,117,js,44d693af,CONNIELIUGH,2025-04-25,15:01:33,-07:00,2025-04-25T15:01:33-07:00,0,0
global.js,118,js,44d693af,CONNIELIUGH,2025-04-25,15:01:33,-07:00,2025-04-25T15:01:33-07:00,0,0
global.js,119,js,44d693af,CONNIELIUGH,2025-04-25,15:01:33,-07:00,2025-04-25T15:01:33-07:00,0,0
global.js,120,js,44d693af,CONNIELIUGH,2025-04-25,15:01:33,-07:00,2025-04-25T15:01:33-07:00,0,0
global.js,121,js,44d693af,CONNIELIUGH,2025-04-25,15:01:33,-07:00,2025-04-25T15:01:33-07:00,0,0
global.js,122,js,44d693af,CONNIELIUGH,2025-04-25,15:01:33,-07:00,2025-04-25T15:01:33-07:00,0,61
global.js,123,js,aa392997,CONNIELIUGH,2025-05-02,17:33:12,-07:00,2025-05-02T17:33:12-07:00,0,0
global.js,124,js,44d693af,CONNIELIUGH,2025-04-25,15:01:33,-07:00,2025-04-25T15:01:33-07:00,0,47
global.js,125,js,44d693af,CONNIELIUGH,2025-04-25,15:01:33,-07:00,2025-04-25T15:01:33-07:00,0,39
global.js,126,js,2fb51cd3,CONNIELIUGH,2025-04-25,19:24:17,-07:00,2025-04-25T19:24:17-07:00,0,51
global.js,127,js,44d693af,CONNIELIUGH,2025-04-25,15:01:33,-07:00,2025-04-25T15:01:33-07:00,0,0
global.js,128,js,44d693af,CONNIELIUGH,2025-04-25,15:01:33,-07:00,2025-04-25T15:01:33-07:00,0,41
global.js,129,js,44d693af,CONNIELIUGH,2025-04-25,15:01:33,-07:00,2025-04-25T15:01:33-07:00,0,0
global.js,130,js,2fb51cd3,CONNIELIUGH,2025-04-25,19:24:17,-07:00,2025-04-25T19:24:17-07:00,0,43
global.js,131,js,44d693af,CONNIELIUGH,2025-04-25,15:01:33,-07:00,2025-04-25T15:01:33-07:00,0,0
global.js,132,js,2fb51cd3,CONNIELIUGH,2025-04-25,19:24:17,-07:00,2025-04-25T19:24:17-07:00,0,70
global.js,133,js,44d693af,CONNIELIUGH,2025-04-25,15:01:33,-07:00,2025-04-25T15:01:33-07:00,0,0
global.js,134,js,44d693af,CONNIELIUGH,2025-04-25,15:01:33,-07:00,2025-04-25T15:01:33-07:00,0,0
global.js,135,js,44d693af,CONNIELIUGH,2025-04-25,15:01:33,-07:00,2025-04-25T15:01:33-07:00,0,0
global.js,136,js,06437f8d,CONNIELIUGH,2025-04-25,20:59:25,-07:00,2025-04-25T20:59:25-07:00,0,47
global.js,137,js,06437f8d,CONNIELIUGH,2025-04-25,20:59:25,-07:00,2025-04-25T20:59:25-07:00,0,0
global.js,138,js,06437f8d,CONNIELIUGH,2025-04-25,20:59:25,-07:00,2025-04-25T20:59:25-07:00,0,60
global.js,139,js,06437f8d,CONNIELIUGH,2025-04-25,20:59:25,-07:00,2025-04-25T20:59:25-07:00,0,0
global.js,140,js,06437f8d,CONNIELIUGH,2025-04-25,20:59:25,-07:00,2025-04-25T20:59:25-07:00,0,0
global.js,141,js,06437f8d,CONNIELIUGH,2025-04-25,20:59:25,-07:00,2025-04-25T20:59:25-07:00,0,0
global.js,142,js,06437f8d,CONNIELIUGH,2025-04-25,20:59:25,-07:00,2025-04-25T20:59:25-07:00,0,0
global.js,143,js,44d693af,CONNIELIUGH,2025-04-25,15:01:33,-07:00,2025-04-25T15:01:33-07:00,0,0
global.js,144,js,44d693af,CONNIELIUGH,2025-04-25,15:01:33,-07:00,2025-04-25T15:01:33-07:00,0,0
global.js,145,js,44d693af,CONNIELIUGH,2025-04-25,15:01:33,-07:00,2025-04-25T15:01:33-07:00,0,0
resume/style.css,1,css,413d6f65,CONNIELIUGH,2025-04-05,19:22:51,-07:00,2025-04-05T19:22:51-07:00,0,112
resume/style.css,2,css,413d6f65,CONNIELIUGH,2025-04-05,19:22:51,-07:00,2025-04-05T19:22:51-07:00,0,0
resume/style.css,3,css,413d6f65,CONNIELIUGH,2025-04-05,19:22:51,-07:00,2025-04-05T19:22:51-07:00,0,1
resume/style.css,4,css,413d6f65,CONNIELIUGH,2025-04-05,19:22:51,-07:00,2025-04-05T19:22:51-07:00,0,9
resume/style.css,5,css,413d6f65,CONNIELIUGH,2025-04-05,19:22:51,-07:00,2025-04-05T19:22:51-07:00,0,8
resume/style.css,6,css,413d6f65,CONNIELIUGH,2025-04-05,19:22:51,-07:00,2025-04-05T19:22:51-07:00,0,21
resume/style.css,7,css,413d6f65,CONNIELIUGH,2025-04-05,19:22:51,-07:00,2025-04-05T19:22:51-07:00,0,0
resume/style.css,8,css,413d6f65,CONNIELIUGH,2025-04-05,19:22:51,-07:00,2025-04-05T19:22:51-07:00,0,6
resume/style.css,9,css,413d6f65,CONNIELIUGH,2025-04-05,19:22:51,-07:00,2025-04-05T19:22:51-07:00,0,24
resume/style.css,10,css,413d6f65,CONNIELIUGH,2025-04-05,19:22:51,-07:00,2025-04-05T19:22:51-07:00,0,21
resume/style.css,11,css,413d6f65,CONNIELIUGH,2025-04-05,19:22:51,-07:00,2025-04-05T19:22:51-07:00,0,0
resume/style.css,12,css,413d6f65,CONNIELIUGH,2025-04-05,19:22:51,-07:00,2025-04-05T19:22:51-07:00,0,0
resume/style.css,13,css,413d6f65,CONNIELIUGH,2025-04-05,19:22:51,-07:00,2025-04-05T19:22:51-07:00,0,4
resume/style.css,14,css,413d6f65,CONNIELIUGH,2025-04-05,19:22:51,-07:00,2025-04-05T19:22:51-07:00,0,15
resume/style.css,15,css,413d6f65,CONNIELIUGH,2025-04-05,19:22:51,-07:00,2025-04-05T19:22:51-07:00,0,0
resume/style.css,16,css,413d6f65,CONNIELIUGH,2025-04-05,19:22:51,-07:00,2025-04-05T19:22:51-07:00,0,4
resume/style.css,17,css,413d6f65,CONNIELIUGH,2025-04-05,19:22:51,-07:00,2025-04-05T19:22:51-07:00,0,30
resume/style.css,18,css,413d6f65,CONNIELIUGH,2025-04-05,19:22:51,-07:00,2025-04-05T19:22:51-07:00,0,23
resume/style.css,19,css,413d6f65,CONNIELIUGH,2025-04-05,19:22:51,-07:00,2025-04-05T19:22:51-07:00,0,12
resume/style.css,20,css,413d6f65,CONNIELIUGH,2025-04-05,19:22:51,-07:00,2025-04-05T19:22:51-07:00,0,0
resume/style.css,21,css,413d6f65,CONNIELIUGH,2025-04-05,19:22:51,-07:00,2025-04-05T19:22:51-07:00,0,0
resume/style.css,22,css,413d6f65,CONNIELIUGH,2025-04-05,19:22:51,-07:00,2025-04-05T19:22:51-07:00,0,0
resume/style.css,23,css,413d6f65,CONNIELIUGH,2025-04-05,19:22:51,-07:00,2025-04-05T19:22:51-07:00,0,18
resume/style.css,24,css,52e9e211,CONNIELIUGH,2025-04-11,20:37:14,-07:00,2025-04-11T20:37:14-07:00,0,0
resume/style.css,25,css,413d6f65,CONNIELIUGH,2025-04-05,19:22:51,-07:00,2025-04-05T19:22:51-07:00,0,0
resume/style.css,26,css,413d6f65,CONNIELIUGH,2025-04-05,19:22:51,-07:00,2025-04-05T19:22:51-07:00,0,2
resume/style.css,27,css,413d6f65,CONNIELIUGH,2025-04-05,19:22:51,-07:00,2025-04-05T19:22:51-07:00,0,21
resume/style.css,28,css,413d6f65,CONNIELIUGH,2025-04-05,19:22:51,-07:00,2025-04-05T19:22:51-07:00,0,12
resume/style.css,29,css,413d6f65,CONNIELIUGH,2025-04-05,19:22:51,-07:00,2025-04-05T19:22:51-07:00,0,0
resume/style.css,30,css,413d6f65,CONNIELIUGH,2025-04-05,19:22:51,-07:00,2025-04-05T19:22:51-07:00,0,0
resume/style.css,31,css,413d6f65,CONNIELIUGH,2025-04-05,19:22:51,-07:00,2025-04-05T19:22:51-07:00,0,0
resume/style.css,32,css,413d6f65,CONNIELIUGH,2025-04-05,19:22:51,-07:00,2025-04-05T19:22:51-07:00,0,12
resume/style.css,33,css,413d6f65,CONNIELIUGH,2025-04-05,19:22:51,-07:00,2025-04-05T19:22:51-07:00,0,16
resume/style.css,34,css,413d6f65,CONNIELIUGH,2025-04-05,19:22:51,-07:00,2025-04-05T19:22:51-07:00,0,17
resume/style.css,35,css,413d6f65,CONNIELIUGH,2025-04-05,19:22:51,-07:00,2025-04-05T19:22:51-07:00,0,16
resume/style.css,36,css,413d6f65,CONNIELIUGH,2025-04-05,19:22:51,-07:00,2025-04-05T19:22:51-07:00,0,24
resume/style.css,37,css,52e9e211,CONNIELIUGH,2025-04-11,20:37:14,-07:00,2025-04-11T20:37:14-07:00,0,1
resume/style.css,38,css,52e9e211,CONNIELIUGH,2025-04-11,20:37:14,-07:00,2025-04-11T20:37:14-07:00,0,24
resume/style.css,39,css,52e9e211,CONNIELIUGH,2025-04-11,20:37:14,-07:00,2025-04-11T20:37:14-07:00,0,26
resume/style.css,40,css,52e9e211,CONNIELIUGH,2025-04-11,20:37:14,-07:00,2025-04-11T20:37:14-07:00,0,15
resume/style.css,41,css,52e9e211,CONNIELIUGH,2025-04-11,20:37:14,-07:00,2025-04-11T20:37:14-07:00,0,0
resume/style.css,42,css,52e9e211,CONNIELIUGH,2025-04-11,20:37:14,-07:00,2025-04-11T20:37:14-07:00,0,0
resume/style.css,43,css,52e9e211,CONNIELIUGH,2025-04-11,20:37:14,-07:00,2025-04-11T20:37:14-07:00,0,0
resume/style.css,44,css,413d6f65,CONNIELIUGH,2025-04-05,19:22:51,-07:00,2025-04-05T19:22:51-07:00,0,0
resume/style.css,45,css,413d6f65,CONNIELIUGH,2025-04-05,19:22:51,-07:00,2025-04-05T19:22:51-07:00,0,6
resume/style.css,46,css,413d6f65,CONNIELIUGH,2025-04-05,19:22:51,-07:00,2025-04-05T19:22:51-07:00,0,27
resume/style.css,47,css,413d6f65,CONNIELIUGH,2025-04-05,19:22:51,-07:00,2025-04-05T19:22:51-07:00,0,16
resume/style.css,48,css,413d6f65,CONNIELIUGH,2025-04-05,19:22:51,-07:00,2025-04-05T19:22:51-07:00,0,15
resume/style.css,49,css,413d6f65,CONNIELIUGH,2025-04-05,19:22:51,-07:00,2025-04-05T19:22:51-07:00,0,25
resume/style.css,50,css,413d6f65,CONNIELIUGH,2025-04-05,19:22:51,-07:00,2025-04-05T19:22:51-07:00,0,0
resume/style.css,51,css,413d6f65,CONNIELIUGH,2025-04-05,19:22:51,-07:00,2025-04-05T19:22:51-07:00,0,0
resume/style.css,52,css,413d6f65,CONNIELIUGH,2025-04-05,19:22:51,-07:00,2025-04-05T19:22:51-07:00,0,14
resume/style.css,53,css,413d6f65,CONNIELIUGH,2025-04-05,19:22:51,-07:00,2025-04-05T19:22:51-07:00,0,17
resume/style.css,54,css,413d6f65,CONNIELIUGH,2025-04-05,19:22:51,-07:00,2025-04-05T19:22:51-07:00,0,24
resume/style.css,55,css,413d6f65,CONNIELIUGH,2025-04-05,19:22:51,-07:00,2025-04-05T19:22:51-07:00,0,16
resume/style.css,56,css,413d6f65,CONNIELIUGH,2025-04-05,19:22:51,-07:00,2025-04-05T19:22:51-07:00,0,0
resume/style.css,57,css,413d6f65,CONNIELIUGH,2025-04-05,19:22:51,-07:00,2025-04-05T19:22:51-07:00,0,0
resume/style.css,58,css,413d6f65,CONNIELIUGH,2025-04-05,19:22:51,-07:00,2025-04-05T19:22:51-07:00,0,11
resume/style.css,59,css,413d6f65,CONNIELIUGH,2025-04-05,19:22:51,-07:00,2025-04-05T19:22:51-07:00,0,16
resume/style.css,60,css,413d6f65,CONNIELIUGH,2025-04-05,19:22:51,-07:00,2025-04-05T19:22:51-07:00,0,12
resume/style.css,61,css,413d6f65,CONNIELIUGH,2025-04-05,19:22:51,-07:00,2025-04-05T19:22:51-07:00,0,16
resume/style.css,62,css,413d6f65,CONNIELIUGH,2025-04-05,19:22:51,-07:00,2025-04-05T19:22:51-07:00,0,16
resume/style.css,63,css,413d6f65,CONNIELIUGH,2025-04-05,19:22:51,-07:00,2025-04-05T19:22:51-07:00,0,0
resume/style.css,64,css,413d6f65,CONNIELIUGH,2025-04-05,19:22:51,-07:00,2025-04-05T19:22:51-07:00,0,14
resume/style.css,65,css,413d6f65,CONNIELIUGH,2025-04-05,19:22:51,-07:00,2025-04-05T19:22:51-07:00,0,17
resume/style.css,66,css,413d6f65,CONNIELIUGH,2025-04-05,19:22:51,-07:00,2025-04-05T19:22:51-07:00,0,24
resume/style.css,67,css,413d6f65,CONNIELIUGH,2025-04-05,19:22:51,-07:00,2025-04-05T19:22:51-07:00,0,15
resume/style.css,68,css,413d6f65,CONNIELIUGH,2025-04-05,19:22:51,-07:00,2025-04-05T19:22:51-07:00,0,0
resume/style.css,69,css,413d6f65,CONNIELIUGH,2025-04-05,19:22:51,-07:00,2025-04-05T19:22:51-07:00,0,0
resume/style.css,70,css,413d6f65,CONNIELIUGH,2025-04-05,19:22:51,-07:00,2025-04-05T19:22:51-07:00,0,0
resume/style.css,71,css,413d6f65,CONNIELIUGH,2025-04-05,19:22:51,-07:00,2025-04-05T19:22:51-07:00,0,12
resume/style.css,72,css,413d6f65,CONNIELIUGH,2025-04-05,19:22:51,-07:00,2025-04-05T19:22:51-07:00,0,10
resume/style.css,73,css,413d6f65,CONNIELIUGH,2025-04-05,19:22:51,-07:00,2025-04-05T19:22:51-07:00,0,17
resume/style.css,74,css,413d6f65,CONNIELIUGH,2025-04-05,19:22:51,-07:00,2025-04-05T19:22:51-07:00,0,10
resume/style.css,75,css,413d6f65,CONNIELIUGH,2025-04-05,19:22:51,-07:00,2025-04-05T19:22:51-07:00,0,14
resume/style.css,76,css,413d6f65,CONNIELIUGH,2025-04-05,19:22:51,-07:00,2025-04-05T19:22:51-07:00,0,13
resume/style.css,77,css,413d6f65,CONNIELIUGH,2025-04-05,19:22:51,-07:00,2025-04-05T19:22:51-07:00,0,13
resume/style.css,78,css,413d6f65,CONNIELIUGH,2025-04-05,19:22:51,-07:00,2025-04-05T19:22:51-07:00,0,19
resume/style.css,79,css,413d6f65,CONNIELIUGH,2025-04-05,19:22:51,-07:00,2025-04-05T19:22:51-07:00,0,30
resume/style.css,80,css,413d6f65,CONNIELIUGH,2025-04-05,19:22:51,-07:00,2025-04-05T19:22:51-07:00,0,9
resume/style.css,81,css,413d6f65,CONNIELIUGH,2025-04-05,19:22:51,-07:00,2025-04-05T19:22:51-07:00,0,0
resume/style.css,82,css,413d6f65,CONNIELIUGH,2025-04-05,19:22:51,-07:00,2025-04-05T19:22:51-07:00,0,0
resume/style.css,83,css,413d6f65,CONNIELIUGH,2025-04-05,19:22:51,-07:00,2025-04-05T19:22:51-07:00,0,0
resume/style.css,84,css,413d6f65,CONNIELIUGH,2025-04-05,19:22:51,-07:00,2025-04-05T19:22:51-07:00,0,0
resume/style.css,85,css,413d6f65,CONNIELIUGH,2025-04-05,19:22:51,-07:00,2025-04-05T19:22:51-07:00,0,41
resume/style.css,86,css,413d6f65,CONNIELIUGH,2025-04-05,19:22:51,-07:00,2025-04-05T19:22:51-07:00,0,10
resume/style.css,87,css,413d6f65,CONNIELIUGH,2025-04-05,19:22:51,-07:00,2025-04-05T19:22:51-07:00,0,11
resume/style.css,88,css,413d6f65,CONNIELIUGH,2025-04-05,19:22:51,-07:00,2025-04-05T19:22:51-07:00,0,26
resume/style.css,89,css,413d6f65,CONNIELIUGH,2025-04-05,19:22:51,-07:00,2025-04-05T19:22:51-07:00,0,13
resume/style.css,90,css,413d6f65,CONNIELIUGH,2025-04-05,19:22:51,-07:00,2025-04-05T19:22:51-07:00,0,9
resume/style.css,91,css,413d6f65,CONNIELIUGH,2025-04-05,19:22:51,-07:00,2025-04-05T19:22:51-07:00,0,0
resume/style.css,92,css,413d6f65,CONNIELIUGH,2025-04-05,19:22:51,-07:00,2025-04-05T19:22:51-07:00,0,0
resume/style.css,93,css,413d6f65,CONNIELIUGH,2025-04-05,19:22:51,-07:00,2025-04-05T19:22:51-07:00,0,0
resume/style.css,94,css,413d6f65,CONNIELIUGH,2025-04-05,19:22:51,-07:00,2025-04-05T19:22:51-07:00,0,0
resume/style.css,95,css,413d6f65,CONNIELIUGH,2025-04-05,19:22:51,-07:00,2025-04-05T19:22:51-07:00,0,0
resume/style.css,96,css,413d6f65,CONNIELIUGH,2025-04-05,19:22:51,-07:00,2025-04-05T19:22:51-07:00,0,8
resume/style.css,97,css,413d6f65,CONNIELIUGH,2025-04-05,19:22:51,-07:00,2025-04-05T19:22:51-07:00,0,17
resume/style.css,98,css,413d6f65,CONNIELIUGH,2025-04-05,19:22:51,-07:00,2025-04-05T19:22:51-07:00,0,19
resume/style.css,99,css,413d6f65,CONNIELIUGH,2025-04-05,19:22:51,-07:00,2025-04-05T19:22:51-07:00,0,0
resume/style.css,100,css,413d6f65,CONNIELIUGH,2025-04-05,19:22:51,-07:00,2025-04-05T19:22:51-07:00,0,0
resume/style.css,101,css,413d6f65,CONNIELIUGH,2025-04-05,19:22:51,-07:00,2025-04-05T19:22:51-07:00,0,19
resume/style.css,102,css,413d6f65,CONNIELIUGH,2025-04-05,19:22:51,-07:00,2025-04-05T19:22:51-07:00,0,3
resume/style.css,103,css,413d6f65,CONNIELIUGH,2025-04-05,19:22:51,-07:00,2025-04-05T19:22:51-07:00,0,16
resume/style.css,104,css,413d6f65,CONNIELIUGH,2025-04-05,19:22:51,-07:00,2025-04-05T19:22:51-07:00,0,17
resume/style.css,105,css,413d6f65,CONNIELIUGH,2025-04-05,19:22:51,-07:00,2025-04-05T19:22:51-07:00,0,18
resume/style.css,106,css,413d6f65,CONNIELIUGH,2025-04-05,19:22:51,-07:00,2025-04-05T19:22:51-07:00,0,0
resume/style.css,107,css,413d6f65,CONNIELIUGH,2025-04-05,19:22:51,-07:00,2025-04-05T19:22:51-07:00,0,0
resume/style.css,108,css,413d6f65,CONNIELIUGH,2025-04-05,19:22:51,-07:00,2025-04-05T19:22:51-07:00,0,0
resume/style.css,109,css,413d6f65,CONNIELIUGH,2025-04-05,19:22:51,-07:00,2025-04-05T19:22:51-07:00,0,12
resume/style.css,110,css,413d6f65,CONNIELIUGH,2025-04-05,19:22:51,-07:00,2025-04-05T19:22:51-07:00,0,18
resume/style.css,111,css,413d6f65,CONNIELIUGH,2025-04-05,19:22:51,-07:00,2025-04-05T19:22:51-07:00,0,13
resume/style.css,112,css,413d6f65,CONNIELIUGH,2025-04-05,19:22:51,-07:00,2025-04-05T19:22:51-07:00,0,9
resume/style.css,113,css,413d6f65,CONNIELIUGH,2025-04-05,19:22:51,-07:00,2025-04-05T19:22:51-07:00,0,0
resume/style.css,114,css,413d6f65,CONNIELIUGH,2025-04-05,19:22:51,-07:00,2025-04-05T19:22:51-07:00,0,0
resume/style.css,115,css,413d6f65,CONNIELIUGH,2025-04-05,19:22:51,-07:00,2025-04-05T19:22:51-07:00,0,23
resume/style.css,116,css,413d6f65,CONNIELIUGH,2025-04-05,19:22:51,-07:00,2025-04-05T19:22:51-07:00,0,11
resume/style.css,117,css,413d6f65,CONNIELIUGH,2025-04-05,19:22:51,-07:00,2025-04-05T19:22:51-07:00,0,15
resume/style.css,118,css,413d6f65,CONNIELIUGH,2025-04-05,19:22:51,-07:00,2025-04-05T19:22:51-07:00,0,33
resume/style.css,119,css,413d6f65,CONNIELIUGH,2025-04-05,19:22:51,-07:00,2025-04-05T19:22:51-07:00,0,25
resume/style.css,120,css,413d6f65,CONNIELIUGH,2025-04-05,19:22:51,-07:00,2025-04-05T19:22:51-07:00,0,14
resume/style.css,121,css,413d6f65,CONNIELIUGH,2025-04-05,19:22:51,-07:00,2025-04-05T19:22:51-07:00,0,22
resume/style.css,122,css,413d6f65,CONNIELIUGH,2025-04-05,19:22:51,-07:00,2025-04-05T19:22:51-07:00,0,0
resume/style.css,123,css,413d6f65,CONNIELIUGH,2025-04-05,19:22:51,-07:00,2025-04-05T19:22:51-07:00,0,22
resume/style.css,124,css,413d6f65,CONNIELIUGH,2025-04-05,19:22:51,-07:00,2025-04-05T19:22:51-07:00,0,27
resume/style.css,125,css,413d6f65,CONNIELIUGH,2025-04-05,19:22:51,-07:00,2025-04-05T19:22:51-07:00,0,16
resume/style.css,126,css,413d6f65,CONNIELIUGH,2025-04-05,19:22:51,-07:00,2025-04-05T19:22:51-07:00,0,36
resume/style.css,127,css,413d6f65,CONNIELIUGH,2025-04-05,19:22:51,-07:00,2025-04-05T19:22:51-07:00,0,25
resume/style.css,128,css,413d6f65,CONNIELIUGH,2025-04-05,19:22:51,-07:00,2025-04-05T19:22:51-07:00,0,14
resume/style.css,129,css,413d6f65,CONNIELIUGH,2025-04-05,19:22:51,-07:00,2025-04-05T19:22:51-07:00,0,0
resume/style.css,130,css,413d6f65,CONNIELIUGH,2025-04-05,19:22:51,-07:00,2025-04-05T19:22:51-07:00,0,14
resume/style.css,131,css,413d6f65,CONNIELIUGH,2025-04-05,19:22:51,-07:00,2025-04-05T19:22:51-07:00,0,17
resume/style.css,132,css,413d6f65,CONNIELIUGH,2025-04-05,19:22:51,-07:00,2025-04-05T19:22:51-07:00,0,16
resume/style.css,133,css,413d6f65,CONNIELIUGH,2025-04-05,19:22:51,-07:00,2025-04-05T19:22:51-07:00,0,25
resume/style.css,134,css,413d6f65,CONNIELIUGH,2025-04-05,19:22:51,-07:00,2025-04-05T19:22:51-07:00,0,0
resume/style.css,135,css,413d6f65,CONNIELIUGH,2025-04-05,19:22:51,-07:00,2025-04-05T19:22:51-07:00,0,0
resume/style.css,136,css,413d6f65,CONNIELIUGH,2025-04-05,19:22:51,-07:00,2025-04-05T19:22:51-07:00,0,41
resume/style.css,137,css,413d6f65,CONNIELIUGH,2025-04-05,19:22:51,-07:00,2025-04-05T19:22:51-07:00,0,18
resume/style.css,138,css,413d6f65,CONNIELIUGH,2025-04-05,19:22:51,-07:00,2025-04-05T19:22:51-07:00,0,22
resume/style.css,139,css,413d6f65,CONNIELIUGH,2025-04-05,19:22:51,-07:00,2025-04-05T19:22:51-07:00,0,0
resume/style.css,140,css,413d6f65,CONNIELIUGH,2025-04-05,19:22:51,-07:00,2025-04-05T19:22:51-07:00,0,0
resume/style.css,141,css,413d6f65,CONNIELIUGH,2025-04-05,19:22:51,-07:00,2025-04-05T19:22:51-07:00,0,0
resume/style.css,142,css,413d6f65,CONNIELIUGH,2025-04-05,19:22:51,-07:00,2025-04-05T19:22:51-07:00,0,0
resume/style.css,143,css,413d6f65,CONNIELIUGH,2025-04-05,19:22:51,-07:00,2025-04-05T19:22:51-07:00,0,0
resume/style.css,144,css,413d6f65,CONNIELIUGH,2025-04-05,19:22:51,-07:00,2025-04-05T19:22:51-07:00,0,12
resume/style.css,145,css,413d6f65,CONNIELIUGH,2025-04-05,19:22:51,-07:00,2025-04-05T19:22:51-07:00,0,0
resume/style.css,146,css,413d6f65,CONNIELIUGH,2025-04-05,19:22:51,-07:00,2025-04-05T19:22:51-07:00,0,11
resume/style.css,147,css,413d6f65,CONNIELIUGH,2025-04-05,19:22:51,-07:00,2025-04-05T19:22:51-07:00,0,16
resume/style.css,148,css,413d6f65,CONNIELIUGH,2025-04-05,19:22:51,-07:00,2025-04-05T19:22:51-07:00,0,17
resume/style.css,149,css,413d6f65,CONNIELIUGH,2025-04-05,19:22:51,-07:00,2025-04-05T19:22:51-07:00,0,14
resume/style.css,150,css,413d6f65,CONNIELIUGH,2025-04-05,19:22:51,-07:00,2025-04-05T19:22:51-07:00,0,0
resume/style.css,151,css,413d6f65,CONNIELIUGH,2025-04-05,19:22:51,-07:00,2025-04-05T19:22:51-07:00,0,0
resume/style.css,152,css,413d6f65,CONNIELIUGH,2025-04-05,19:22:51,-07:00,2025-04-05T19:22:51-07:00,0,14
resume/style.css,153,css,413d6f65,CONNIELIUGH,2025-04-05,19:22:51,-07:00,2025-04-05T19:22:51-07:00,0,9
resume/style.css,154,css,413d6f65,CONNIELIUGH,2025-04-05,19:22:51,-07:00,2025-04-05T19:22:51-07:00,0,16
resume/style.css,155,css,413d6f65,CONNIELIUGH,2025-04-05,19:22:51,-07:00,2025-04-05T19:22:51-07:00,0,0
resume/style.css,156,css,413d6f65,CONNIELIUGH,2025-04-05,19:22:51,-07:00,2025-04-05T19:22:51-07:00,0,0
resume/style.css,157,css,413d6f65,CONNIELIUGH,2025-04-05,19:22:51,-07:00,2025-04-05T19:22:51-07:00,0,15
resume/style.css,158,css,413d6f65,CONNIELIUGH,2025-04-05,19:22:51,-07:00,2025-04-05T19:22:51-07:00,0,9
resume/style.css,159,css,413d6f65,CONNIELIUGH,2025-04-05,19:22:51,-07:00,2025-04-05T19:22:51-07:00,0,16
resume/style.css,160,css,52e9e211,CONNIELIUGH,2025-04-11,20:37:14,-07:00,2025-04-11T20:37:14-07:00,0,0
resume/style.css,161,css,52e9e211,CONNIELIUGH,2025-04-11,20:37:14,-07:00,2025-04-11T20:37:14-07:00,0,0
resume/style.css,162,css,52e9e211,CONNIELIUGH,2025-04-11,20:37:14,-07:00,2025-04-11T20:37:14-07:00,0,13
resume/style.css,163,css,52e9e211,CONNIELIUGH,2025-04-11,20:37:14,-07:00,2025-04-11T20:37:14-07:00,0,16
resume/style.css,164,css,52e9e211,CONNIELIUGH,2025-04-11,20:37:14,-07:00,2025-04-11T20:37:14-07:00,0,17
resume/style.css,165,css,52e9e211,CONNIELIUGH,2025-04-11,20:37:14,-07:00,2025-04-11T20:37:14-07:00,0,14
resume/style.css,166,css,52e9e211,CONNIELIUGH,2025-04-11,20:37:14,-07:00,2025-04-11T20:37:14-07:00,0,0
resume/style.css,167,css,52e9e211,CONNIELIUGH,2025-04-11,20:37:14,-07:00,2025-04-11T20:37:14-07:00,0,0
resume/style.css,168,css,52e9e211,CONNIELIUGH,2025-04-11,20:37:14,-07:00,2025-04-11T20:37:14-07:00,0,9
resume/style.css,169,css,52e9e211,CONNIELIUGH,2025-04-11,20:37:14,-07:00,2025-04-11T20:37:14-07:00,0,15
resume/style.css,170,css,52e9e211,CONNIELIUGH,2025-04-11,20:37:14,-07:00,2025-04-11T20:37:14-07:00,0,0
resume/index.html,1,html,413d6f65,CONNIELIUGH,2025-04-05,19:22:51,-07:00,2025-04-05T19:22:51-07:00,0,14
resume/index.html,2,html,413d6f65,CONNIELIUGH,2025-04-05,19:22:51,-07:00,2025-04-05T19:22:51-07:00,0,15
resume/index.html,3,html,413d6f65,CONNIELIUGH,2025-04-05,19:22:51,-07:00,2025-04-05T19:22:51-07:00,0,5
resume/index.html,4,html,413d6f65,CONNIELIUGH,2025-04-05,19:22:51,-07:00,2025-04-05T19:22:51-07:00,0,21
resume/index.html,5,html,413d6f65,CONNIELIUGH,2025-04-05,19:22:51,-07:00,2025-04-05T19:22:51-07:00,0,69
resume/index.html,6,html,413d6f65,CONNIELIUGH,2025-04-05,19:22:51,-07:00,2025-04-05T19:22:51-07:00,0,29
resume/index.html,7,html,413d6f65,CONNIELIUGH,2025-04-05,19:22:51,-07:00,2025-04-05T19:22:51-07:00,0,51
resume/index.html,8,html,d2bdda67,CONNIELIUGH,2025-04-18,17:48:37,-07:00,2025-04-18T17:48:37-07:00,0,51
resume/index.html,9,html,413d6f65,CONNIELIUGH,2025-04-05,19:22:51,-07:00,2025-04-05T19:22:51-07:00,0,6
resume/index.html,10,html,413d6f65,CONNIELIUGH,2025-04-05,19:22:51,-07:00,2025-04-05T19:22:51-07:00,0,5
resume/index.html,11,html,413d6f65,CONNIELIUGH,2025-04-05,19:22:51,-07:00,2025-04-05T19:22:51-07:00,0,24
resume/index.html,12,html,413d6f65,CONNIELIUGH,2025-04-05,19:22:51,-07:00,2025-04-05T19:22:51-07:00,0,22
resume/index.html,13,html,413d6f65,CONNIELIUGH,2025-04-05,19:22:51,-07:00,2025-04-05T19:22:51-07:00,0,32
resume/index.html,14,html,413d6f65,CONNIELIUGH,2025-04-05,19:22:51,-07:00,2025-04-05T19:22:51-07:00,0,33
resume/index.html,15,html,413d6f65,CONNIELIUGH,2025-04-05,19:22:51,-07:00,2025-04-05T19:22:51-07:00,0,75
resume/index.html,16,html,413d6f65,CONNIELIUGH,2025-04-05,19:22:51,-07:00,2025-04-05T19:22:51-07:00,0,5
resume/index.html,17,html,413d6f65,CONNIELIUGH,2025-04-05,19:22:51,-07:00,2025-04-05T19:22:51-07:00,0,0
resume/index.html,18,html,413d6f65,CONNIELIUGH,2025-04-05,19:22:51,-07:00,2025-04-05T19:22:51-07:00,0,4
resume/index.html,19,html,413d6f65,CONNIELIUGH,2025-04-05,19:22:51,-07:00,2025-04-05T19:22:51-07:00,0,26
resume/index.html,20,html,413d6f65,CONNIELIUGH,2025-04-05,19:22:51,-07:00,2025-04-05T19:22:51-07:00,0,51
resume/index.html,21,html,413d6f65,CONNIELIUGH,2025-04-05,19:22:51,-07:00,2025-04-05T19:22:51-07:00,0,47
resume/index.html,22,html,413d6f65,CONNIELIUGH,2025-04-05,19:22:51,-07:00,2025-04-05T19:22:51-07:00,0,4
resume/index.html,23,html,413d6f65,CONNIELIUGH,2025-04-05,19:22:51,-07:00,2025-04-05T19:22:51-07:00,0,67
resume/index.html,24,html,413d6f65,CONNIELIUGH,2025-04-05,19:22:51,-07:00,2025-04-05T19:22:51-07:00,0,156
resume/index.html,25,html,e85061f1,CONNIELIUGH,2025-04-05,19:30:31,-07:00,2025-04-05T19:30:31-07:00,0,83
resume/index.html,26,html,413d6f65,CONNIELIUGH,2025-04-05,19:22:51,-07:00,2025-04-05T19:22:51-07:00,0,5
resume/index.html,27,html,413d6f65,CONNIELIUGH,2025-04-05,19:22:51,-07:00,2025-04-05T19:22:51-07:00,0,0
resume/index.html,28,html,413d6f65,CONNIELIUGH,2025-04-05,19:22:51,-07:00,2025-04-05T19:22:51-07:00,0,0
resume/index.html,29,html,413d6f65,CONNIELIUGH,2025-04-05,19:22:51,-07:00,2025-04-05T19:22:51-07:00,0,5
resume/index.html,30,html,413d6f65,CONNIELIUGH,2025-04-05,19:22:51,-07:00,2025-04-05T19:22:51-07:00,0,5
resume/index.html,31,html,413d6f65,CONNIELIUGH,2025-04-05,19:22:51,-07:00,2025-04-05T19:22:51-07:00,0,22
resume/index.html,32,html,413d6f65,CONNIELIUGH,2025-04-05,19:22:51,-07:00,2025-04-05T19:22:51-07:00,0,21
resume/index.html,33,html,413d6f65,CONNIELIUGH,2025-04-05,19:22:51,-07:00,2025-04-05T19:22:51-07:00,0,33
resume/index.html,34,html,413d6f65,CONNIELIUGH,2025-04-05,19:22:51,-07:00,2025-04-05T19:22:51-07:00,0,36
resume/index.html,35,html,413d6f65,CONNIELIUGH,2025-04-05,19:22:51,-07:00,2025-04-05T19:22:51-07:00,0,31
resume/index.html,36,html,413d6f65,CONNIELIUGH,2025-04-05,19:22:51,-07:00,2025-04-05T19:22:51-07:00,0,14
resume/index.html,37,html,413d6f65,CONNIELIUGH,2025-04-05,19:22:51,-07:00,2025-04-05T19:22:51-07:00,0,4
resume/index.html,38,html,413d6f65,CONNIELIUGH,2025-04-05,19:22:51,-07:00,2025-04-05T19:22:51-07:00,0,5
resume/index.html,39,html,413d6f65,CONNIELIUGH,2025-04-05,19:22:51,-07:00,2025-04-05T19:22:51-07:00,0,18
resume/index.html,40,html,413d6f65,CONNIELIUGH,2025-04-05,19:22:51,-07:00,2025-04-05T19:22:51-07:00,0,33
resume/index.html,41,html,413d6f65,CONNIELIUGH,2025-04-05,19:22:51,-07:00,2025-04-05T19:22:51-07:00,0,23
resume/index.html,42,html,413d6f65,CONNIELIUGH,2025-04-05,19:22:51,-07:00,2025-04-05T19:22:51-07:00,0,39
resume/index.html,43,html,413d6f65,CONNIELIUGH,2025-04-05,19:22:51,-07:00,2025-04-05T19:22:51-07:00,0,49
resume/index.html,44,html,413d6f65,CONNIELIUGH,2025-04-05,19:22:51,-07:00,2025-04-05T19:22:51-07:00,0,39
resume/index.html,45,html,413d6f65,CONNIELIUGH,2025-04-05,19:22:51,-07:00,2025-04-05T19:22:51-07:00,0,5
resume/index.html,46,html,413d6f65,CONNIELIUGH,2025-04-05,19:22:51,-07:00,2025-04-05T19:22:51-07:00,0,23
resume/index.html,47,html,413d6f65,CONNIELIUGH,2025-04-05,19:22:51,-07:00,2025-04-05T19:22:51-07:00,0,39
resume/index.html,48,html,413d6f65,CONNIELIUGH,2025-04-05,19:22:51,-07:00,2025-04-05T19:22:51-07:00,0,39
resume/index.html,49,html,413d6f65,CONNIELIUGH,2025-04-05,19:22:51,-07:00,2025-04-05T19:22:51-07:00,0,42
resume/index.html,50,html,413d6f65,CONNIELIUGH,2025-04-05,19:22:51,-07:00,2025-04-05T19:22:51-07:00,0,5
resume/index.html,51,html,413d6f65,CONNIELIUGH,2025-04-05,19:22:51,-07:00,2025-04-05T19:22:51-07:00,0,5
resume/index.html,52,html,52e9e211,CONNIELIUGH,2025-04-11,20:37:14,-07:00,2025-04-11T20:37:14-07:00,0,0
resume/index.html,53,html,52e9e211,CONNIELIUGH,2025-04-11,20:37:14,-07:00,2025-04-11T20:37:14-07:00,0,23
resume/index.html,54,html,52e9e211,CONNIELIUGH,2025-04-11,20:37:14,-07:00,2025-04-11T20:37:14-07:00,0,32
resume/index.html,55,html,52e9e211,CONNIELIUGH,2025-04-11,20:37:14,-07:00,2025-04-11T20:37:14-07:00,0,38
resume/index.html,56,html,52e9e211,CONNIELIUGH,2025-04-11,20:37:14,-07:00,2025-04-11T20:37:14-07:00,0,76
resume/index.html,57,html,52e9e211,CONNIELIUGH,2025-04-11,20:37:14,-07:00,2025-04-11T20:37:14-07:00,0,4
resume/index.html,58,html,52e9e211,CONNIELIUGH,2025-04-11,20:37:14,-07:00,2025-04-11T20:37:14-07:00,0,0
resume/index.html,59,html,52e9e211,CONNIELIUGH,2025-04-11,20:37:14,-07:00,2025-04-11T20:37:14-07:00,0,5
resume/index.html,60,html,413d6f65,CONNIELIUGH,2025-04-05,19:22:51,-07:00,2025-04-05T19:22:51-07:00,0,0
resume/index.html,61,html,413d6f65,CONNIELIUGH,2025-04-05,19:22:51,-07:00,2025-04-05T19:22:51-07:00,0,0
resume/index.html,62,html,413d6f65,CONNIELIUGH,2025-04-05,19:22:51,-07:00,2025-04-05T19:22:51-07:00,0,5
resume/index.html,63,html,413d6f65,CONNIELIUGH,2025-04-05,19:22:51,-07:00,2025-04-05T19:22:51-07:00,0,22
resume/index.html,64,html,413d6f65,CONNIELIUGH,2025-04-05,19:22:51,-07:00,2025-04-05T19:22:51-07:00,0,18
resume/index.html,65,html,413d6f65,CONNIELIUGH,2025-04-05,19:22:51,-07:00,2025-04-05T19:22:51-07:00,0,34
resume/index.html,66,html,413d6f65,CONNIELIUGH,2025-04-05,19:22:51,-07:00,2025-04-05T19:22:51-07:00,0,23
resume/index.html,67,html,413d6f65,CONNIELIUGH,2025-04-05,19:22:51,-07:00,2025-04-05T19:22:51-07:00,0,52
resume/index.html,68,html,413d6f65,CONNIELIUGH,2025-04-05,19:22:51,-07:00,2025-04-05T19:22:51-07:00,0,38
resume/index.html,69,html,413d6f65,CONNIELIUGH,2025-04-05,19:22:51,-07:00,2025-04-05T19:22:51-07:00,0,51
resume/index.html,70,html,413d6f65,CONNIELIUGH,2025-04-05,19:22:51,-07:00,2025-04-05T19:22:51-07:00,0,349
resume/index.html,71,html,413d6f65,CONNIELIUGH,2025-04-05,19:22:51,-07:00,2025-04-05T19:22:51-07:00,0,5
resume/index.html,72,html,413d6f65,CONNIELIUGH,2025-04-05,19:22:51,-07:00,2025-04-05T19:22:51-07:00,0,23
resume/index.html,73,html,413d6f65,CONNIELIUGH,2025-04-05,19:22:51,-07:00,2025-04-05T19:22:51-07:00,0,53
resume/index.html,74,html,413d6f65,CONNIELIUGH,2025-04-05,19:22:51,-07:00,2025-04-05T19:22:51-07:00,0,37
resume/index.html,75,html,413d6f65,CONNIELIUGH,2025-04-05,19:22:51,-07:00,2025-04-05T19:22:51-07:00,0,49
resume/index.html,76,html,413d6f65,CONNIELIUGH,2025-04-05,19:22:51,-07:00,2025-04-05T19:22:51-07:00,0,304
resume/index.html,77,html,413d6f65,CONNIELIUGH,2025-04-05,19:22:51,-07:00,2025-04-05T19:22:51-07:00,0,5
resume/index.html,78,html,413d6f65,CONNIELIUGH,2025-04-05,19:22:51,-07:00,2025-04-05T19:22:51-07:00,0,5
resume/index.html,79,html,413d6f65,CONNIELIUGH,2025-04-05,19:22:51,-07:00,2025-04-05T19:22:51-07:00,0,5
resume/index.html,80,html,413d6f65,CONNIELIUGH,2025-04-05,19:22:51,-07:00,2025-04-05T19:22:51-07:00,0,22
resume/index.html,81,html,413d6f65,CONNIELIUGH,2025-04-05,19:22:51,-07:00,2025-04-05T19:22:51-07:00,0,9
resume/index.html,82,html,413d6f65,CONNIELIUGH,2025-04-05,19:22:51,-07:00,2025-04-05T19:22:51-07:00,0,5
resume/index.html,83,html,413d6f65,CONNIELIUGH,2025-04-05,19:22:51,-07:00,2025-04-05T19:22:51-07:00,0,5
resume/index.html,84,html,413d6f65,CONNIELIUGH,2025-04-05,19:22:51,-07:00,2025-04-05T19:22:51-07:00,0,6
resume/index.html,85,html,413d6f65,CONNIELIUGH,2025-04-05,19:22:51,-07:00,2025-04-05T19:22:51-07:00,0,6
projects/style.css,1,css,52e9e211,CONNIELIUGH,2025-04-11,20:37:14,-07:00,2025-04-11T20:37:14-07:00,0,0
projects/style.css,2,css,44d693af,CONNIELIUGH,2025-04-25,15:01:33,-07:00,2025-04-25T15:01:33-07:00,0,12
projects/style.css,3,css,1da2fa8b,CONNIELIUGH,2025-04-18,17:16:04,-07:00,2025-04-18T17:16:04-07:00,0,13
projects/style.css,4,css,1da2fa8b,CONNIELIUGH,2025-04-18,17:16:04,-07:00,2025-04-18T17:16:04-07:00,0,59
projects/style.css,5,css,1da2fa8b,CONNIELIUGH,2025-04-18,17:16:04,-07:00,2025-04-18T17:16:04-07:00,0,0
projects/style.css,6,css,1da2fa8b,CONNIELIUGH,2025-04-18,17:16:04,-07:00,2025-04-18T17:16:04-07:00,0,0
projects/style.css,7,css,1da2fa8b,CONNIELIUGH,2025-04-18,17:16:04,-07:00,2025-04-18T17:16:04-07:00,0,0
projects/style.css,8,css,44d693af,CONNIELIUGH,2025-04-25,15:01:33,-07:00,2025-04-25T15:01:33-07:00,0,0
projects/style.css,9,css,44d693af,CONNIELIUGH,2025-04-25,15:01:33,-07:00,2025-04-25T15:01:33-07:00,0,7
projects/style.css,10,css,1da2fa8b,CONNIELIUGH,2025-04-18,17:16:04,-07:00,2025-04-18T17:16:04-07:00,0,27
projects/style.css,11,css,1da2fa8b,CONNIELIUGH,2025-04-18,17:16:04,-07:00,2025-04-18T17:16:04-07:00,0,16
projects/style.css,12,css,44d693af,CONNIELIUGH,2025-04-25,15:01:33,-07:00,2025-04-25T15:01:33-07:00,0,8
projects/style.css,13,css,1da2fa8b,CONNIELIUGH,2025-04-18,17:16:04,-07:00,2025-04-18T17:16:04-07:00,0,0
projects/style.css,14,css,1da2fa8b,CONNIELIUGH,2025-04-18,17:16:04,-07:00,2025-04-18T17:16:04-07:00,0,0
projects/style.css,15,css,1da2fa8b,CONNIELIUGH,2025-04-18,17:16:04,-07:00,2025-04-18T17:16:04-07:00,0,0
projects/style.css,16,css,44d693af,CONNIELIUGH,2025-04-25,15:01:33,-07:00,2025-04-25T15:01:33-07:00,0,2
projects/style.css,17,css,1da2fa8b,CONNIELIUGH,2025-04-18,17:16:04,-07:00,2025-04-18T17:16:04-07:00,0,9
projects/style.css,18,css,1da2fa8b,CONNIELIUGH,2025-04-18,17:16:04,-07:00,2025-04-18T17:16:04-07:00,0,0
projects/style.css,19,css,1da2fa8b,CONNIELIUGH,2025-04-18,17:16:04,-07:00,2025-04-18T17:16:04-07:00,0,0
projects/style.css,20,css,44d693af,CONNIELIUGH,2025-04-25,15:01:33,-07:00,2025-04-25T15:01:33-07:00,0,2
projects/style.css,21,css,1da2fa8b,CONNIELIUGH,2025-04-18,17:16:04,-07:00,2025-04-18T17:16:04-07:00,0,16
projects/style.css,22,css,1da2fa8b,CONNIELIUGH,2025-04-18,17:16:04,-07:00,2025-04-18T17:16:04-07:00,0,18
projects/style.css,23,css,f9be1259,CONNIELIUGH,2025-04-11,20:03:45,-07:00,2025-04-11T20:03:45-07:00,0,0
projects/projects.js,1,js,44d693af,CONNIELIUGH,2025-04-25,15:01:33,-07:00,2025-04-25T15:01:33-07:00,0,76
projects/projects.js,2,js,deecb7f3,CONNIELIUGH,2025-05-02,15:44:12,-07:00,2025-05-02T15:44:12-07:00,0,64
projects/projects.js,3,js,44d693af,CONNIELIUGH,2025-04-25,15:01:33,-07:00,2025-04-25T15:01:33-07:00,0,0
projects/projects.js,4,js,44d693af,CONNIELIUGH,2025-04-25,15:01:33,-07:00,2025-04-25T15:01:33-07:00,0,56
projects/projects.js,5,js,44d693af,CONNIELIUGH,2025-04-25,15:01:33,-07:00,2025-04-25T15:01:33-07:00,0,61
projects/projects.js,6,js,44d693af,CONNIELIUGH,2025-04-25,15:01:33,-07:00,2025-04-25T15:01:33-07:00,0,0
projects/projects.js,7,js,f227afd2,CONNIELIUGH,2025-05-02,21:45:52,-07:00,2025-05-02T21:45:52-07:00,0,11
projects/projects.js,8,js,aa392997,CONNIELIUGH,2025-05-02,17:33:12,-07:00,2025-05-02T17:33:12-07:00,0,0
projects/projects.js,9,js,f227afd2,CONNIELIUGH,2025-05-02,21:45:52,-07:00,2025-05-02T21:45:52-07:00,0,29
projects/projects.js,10,js,f227afd2,CONNIELIUGH,2025-05-02,21:45:52,-07:00,2025-05-02T21:45:52-07:00,0,58
projects/projects.js,11,js,f227afd2,CONNIELIUGH,2025-05-02,21:45:52,-07:00,2025-05-02T21:45:52-07:00,0,48
projects/projects.js,12,js,44d693af,CONNIELIUGH,2025-04-25,15:01:33,-07:00,2025-04-25T15:01:33-07:00,0,0
projects/projects.js,13,js,44d693af,CONNIELIUGH,2025-04-25,15:01:33,-07:00,2025-04-25T15:01:33-07:00,0,0
projects/projects.js,14,js,f227afd2,CONNIELIUGH,2025-05-02,21:45:52,-07:00,2025-05-02T21:45:52-07:00,0,24
projects/projects.js,15,js,f227afd2,CONNIELIUGH,2025-05-02,21:45:52,-07:00,2025-05-02T21:45:52-07:00,0,52
projects/projects.js,16,js,f227afd2,CONNIELIUGH,2025-05-02,21:45:52,-07:00,2025-05-02T21:45:52-07:00,0,60
projects/projects.js,17,js,f227afd2,CONNIELIUGH,2025-05-02,21:45:52,-07:00,2025-05-02T21:45:52-07:00,0,43
projects/projects.js,18,js,f227afd2,CONNIELIUGH,2025-05-02,21:45:52,-07:00,2025-05-02T21:45:52-07:00,0,2
projects/projects.js,19,js,f227afd2,CONNIELIUGH,2025-05-02,21:45:52,-07:00,2025-05-02T21:45:52-07:00,0,23
projects/projects.js,20,js,44d693af,CONNIELIUGH,2025-04-25,15:01:33,-07:00,2025-04-25T15:01:33-07:00,0,0
projects/projects.js,21,js,f227afd2,CONNIELIUGH,2025-05-02,21:45:52,-07:00,2025-05-02T21:45:52-07:00,0,0
projects/projects.js,22,js,deecb7f3,CONNIELIUGH,2025-05-02,15:44:12,-07:00,2025-05-02T15:44:12-07:00,0,0
projects/projects.js,23,js,f227afd2,CONNIELIUGH,2025-05-02,21:45:52,-07:00,2025-05-02T21:45:52-07:00,0,38
projects/projects.js,24,js,f227afd2,CONNIELIUGH,2025-05-02,21:45:52,-07:00,2025-05-02T21:45:52-07:00,0,26
projects/projects.js,25,js,f227afd2,CONNIELIUGH,2025-05-02,21:45:52,-07:00,2025-05-02T21:45:52-07:00,0,30
projects/projects.js,26,js,f227afd2,CONNIELIUGH,2025-05-02,21:45:52,-07:00,2025-05-02T21:45:52-07:00,0,13
projects/projects.js,27,js,f227afd2,CONNIELIUGH,2025-05-02,21:45:52,-07:00,2025-05-02T21:45:52-07:00,0,15
projects/projects.js,28,js,f227afd2,CONNIELIUGH,2025-05-02,21:45:52,-07:00,2025-05-02T21:45:52-07:00,0,13
projects/projects.js,29,js,f227afd2,CONNIELIUGH,2025-05-02,21:45:52,-07:00,2025-05-02T21:45:52-07:00,0,1
projects/projects.js,30,js,aa392997,CONNIELIUGH,2025-05-02,17:33:12,-07:00,2025-05-02T17:33:12-07:00,0,0
projects/projects.js,31,js,f227afd2,CONNIELIUGH,2025-05-02,21:45:52,-07:00,2025-05-02T21:45:52-07:00,0,51
projects/projects.js,32,js,f227afd2,CONNIELIUGH,2025-05-02,21:45:52,-07:00,2025-05-02T21:45:52-07:00,0,36
projects/projects.js,33,js,f227afd2,CONNIELIUGH,2025-05-02,21:45:52,-07:00,2025-05-02T21:45:52-07:00,0,2
projects/projects.js,34,js,aa392997,CONNIELIUGH,2025-05-02,17:33:12,-07:00,2025-05-02T17:33:12-07:00,0,0
projects/projects.js,35,js,f227afd2,CONNIELIUGH,2025-05-02,21:45:52,-07:00,2025-05-02T21:45:52-07:00,0,50
projects/projects.js,36,js,f227afd2,CONNIELIUGH,2025-05-02,21:45:52,-07:00,2025-05-02T21:45:52-07:00,0,53
projects/projects.js,37,js,f227afd2,CONNIELIUGH,2025-05-02,21:45:52,-07:00,2025-05-02T21:45:52-07:00,0,43
projects/projects.js,38,js,f227afd2,CONNIELIUGH,2025-05-02,21:45:52,-07:00,2025-05-02T21:45:52-07:00,0,48
projects/projects.js,39,js,aa392997,CONNIELIUGH,2025-05-02,17:33:12,-07:00,2025-05-02T17:33:12-07:00,0,0
projects/projects.js,40,js,f227afd2,CONNIELIUGH,2025-05-02,21:45:52,-07:00,2025-05-02T21:45:52-07:00,0,22
projects/projects.js,41,js,aa392997,CONNIELIUGH,2025-05-02,17:33:12,-07:00,2025-05-02T17:33:12-07:00,0,0
projects/projects.js,42,js,f227afd2,CONNIELIUGH,2025-05-02,21:45:52,-07:00,2025-05-02T21:45:52-07:00,0,29
projects/projects.js,43,js,f227afd2,CONNIELIUGH,2025-05-02,21:45:52,-07:00,2025-05-02T21:45:52-07:00,0,33
projects/projects.js,44,js,deecb7f3,CONNIELIUGH,2025-05-02,15:44:12,-07:00,2025-05-02T15:44:12-07:00,0,0
projects/projects.js,45,js,aa392997,CONNIELIUGH,2025-05-02,17:33:12,-07:00,2025-05-02T17:33:12-07:00,0,0
projects/projects.js,46,js,f227afd2,CONNIELIUGH,2025-05-02,21:45:52,-07:00,2025-05-02T21:45:52-07:00,0,33
projects/projects.js,47,js,f227afd2,CONNIELIUGH,2025-05-02,21:45:52,-07:00,2025-05-02T21:45:52-07:00,0,31
projects/projects.js,48,js,f227afd2,CONNIELIUGH,2025-05-02,21:45:52,-07:00,2025-05-02T21:45:52-07:00,0,28
projects/projects.js,49,js,f227afd2,CONNIELIUGH,2025-05-02,21:45:52,-07:00,2025-05-02T21:45:52-07:00,0,5
projects/projects.js,50,js,f227afd2,CONNIELIUGH,2025-05-02,21:45:52,-07:00,2025-05-02T21:45:52-07:00,0,12
projects/projects.js,51,js,f227afd2,CONNIELIUGH,2025-05-02,21:45:52,-07:00,2025-05-02T21:45:52-07:00,0,94
projects/projects.js,52,js,f227afd2,CONNIELIUGH,2025-05-02,21:45:52,-07:00,2025-05-02T21:45:52-07:00,0,30
projects/projects.js,53,js,f227afd2,CONNIELIUGH,2025-05-02,21:45:52,-07:00,2025-05-02T21:45:52-07:00,0,100
projects/projects.js,54,js,f227afd2,CONNIELIUGH,2025-05-02,21:45:52,-07:00,2025-05-02T21:45:52-07:00,0,2
projects/projects.js,55,js,f227afd2,CONNIELIUGH,2025-05-02,21:45:52,-07:00,2025-05-02T21:45:52-07:00,0,0
projects/projects.js,56,js,f227afd2,CONNIELIUGH,2025-05-02,21:45:52,-07:00,2025-05-02T21:45:52-07:00,0,30
projects/projects.js,57,js,f227afd2,CONNIELIUGH,2025-05-02,21:45:52,-07:00,2025-05-02T21:45:52-07:00,0,20
projects/projects.js,58,js,f227afd2,CONNIELIUGH,2025-05-02,21:45:52,-07:00,2025-05-02T21:45:52-07:00,0,14
projects/projects.js,59,js,f227afd2,CONNIELIUGH,2025-05-02,21:45:52,-07:00,2025-05-02T21:45:52-07:00,0,98
projects/projects.js,60,js,f227afd2,CONNIELIUGH,2025-05-02,21:45:52,-07:00,2025-05-02T21:45:52-07:00,0,19
projects/projects.js,61,js,f227afd2,CONNIELIUGH,2025-05-02,21:45:52,-07:00,2025-05-02T21:45:52-07:00,0,48
projects/projects.js,62,js,f227afd2,CONNIELIUGH,2025-05-02,21:45:52,-07:00,2025-05-02T21:45:52-07:00,0,35
projects/projects.js,63,js,f227afd2,CONNIELIUGH,2025-05-02,21:45:52,-07:00,2025-05-02T21:45:52-07:00,0,5
projects/projects.js,64,js,f227afd2,CONNIELIUGH,2025-05-02,21:45:52,-07:00,2025-05-02T21:45:52-07:00,0,17
projects/projects.js,65,js,f227afd2,CONNIELIUGH,2025-05-02,21:45:52,-07:00,2025-05-02T21:45:52-07:00,0,27
projects/projects.js,66,js,f227afd2,CONNIELIUGH,2025-05-02,21:45:52,-07:00,2025-05-02T21:45:52-07:00,0,40
projects/projects.js,67,js,f227afd2,CONNIELIUGH,2025-05-02,21:45:52,-07:00,2025-05-02T21:45:52-07:00,0,2
projects/projects.js,68,js,f227afd2,CONNIELIUGH,2025-05-02,21:45:52,-07:00,2025-05-02T21:45:52-07:00,0,49
projects/projects.js,69,js,f227afd2,CONNIELIUGH,2025-05-02,21:45:52,-07:00,2025-05-02T21:45:52-07:00,0,40
projects/projects.js,70,js,f227afd2,CONNIELIUGH,2025-05-02,21:45:52,-07:00,2025-05-02T21:45:52-07:00,0,2
projects/projects.js,71,js,f227afd2,CONNIELIUGH,2025-05-02,21:45:52,-07:00,2025-05-02T21:45:52-07:00,0,24
projects/projects.js,72,js,f227afd2,CONNIELIUGH,2025-05-02,21:45:52,-07:00,2025-05-02T21:45:52-07:00,0,32
projects/projects.js,73,js,f227afd2,CONNIELIUGH,2025-05-02,21:45:52,-07:00,2025-05-02T21:45:52-07:00,0,20
projects/projects.js,74,js,f227afd2,CONNIELIUGH,2025-05-02,21:45:52,-07:00,2025-05-02T21:45:52-07:00,0,54
projects/projects.js,75,js,f227afd2,CONNIELIUGH,2025-05-02,21:45:52,-07:00,2025-05-02T21:45:52-07:00,0,0
projects/projects.js,76,js,f227afd2,CONNIELIUGH,2025-05-02,21:45:52,-07:00,2025-05-02T21:45:52-07:00,0,7
projects/projects.js,77,js,f227afd2,CONNIELIUGH,2025-05-02,21:45:52,-07:00,2025-05-02T21:45:52-07:00,0,32
projects/projects.js,78,js,f227afd2,CONNIELIUGH,2025-05-02,21:45:52,-07:00,2025-05-02T21:45:52-07:00,0,0
projects/projects.js,79,js,f227afd2,CONNIELIUGH,2025-05-02,21:45:52,-07:00,2025-05-02T21:45:52-07:00,0,35
projects/projects.js,80,js,f227afd2,CONNIELIUGH,2025-05-02,21:45:52,-07:00,2025-05-02T21:45:52-07:00,0,62
projects/projects.js,81,js,f227afd2,CONNIELIUGH,2025-05-02,21:45:52,-07:00,2025-05-02T21:45:52-07:00,0,51
projects/projects.js,82,js,f227afd2,CONNIELIUGH,2025-05-02,21:45:52,-07:00,2025-05-02T21:45:52-07:00,0,1
projects/projects.js,83,js,f227afd2,CONNIELIUGH,2025-05-02,21:45:52,-07:00,2025-05-02T21:45:52-07:00,0,62
projects/projects.js,84,js,f227afd2,CONNIELIUGH,2025-05-02,21:45:52,-07:00,2025-05-02T21:45:52-07:00,0,0
projects/projects.js,85,js,f227afd2,CONNIELIUGH,2025-05-02,21:45:52,-07:00,2025-05-02T21:45:52-07:00,0,0
projects/projects.js,86,js,f227afd2,CONNIELIUGH,2025-05-02,21:45:52,-07:00,2025-05-02T21:45:52-07:00,0,1
projects/projects.js,87,js,aa392997,CONNIELIUGH,2025-05-02,17:33:12,-07:00,2025-05-02T17:33:12-07:00,0,0
projects/projects.js,88,js,f227afd2,CONNIELIUGH,2025-05-02,21:45:52,-07:00,2025-05-02T21:45:52-07:00,0,2
projects/projects.js,89,js,aa392997,CONNIELIUGH,2025-05-02,17:33:12,-07:00,2025-05-02T17:33:12-07:00,0,0
projects/projects.js,90,js,f227afd2,CONNIELIUGH,2025-05-02,21:45:52,-07:00,2025-05-02T21:45:52-07:00,0,0
projects/projects.js,91,js,f227afd2,CONNIELIUGH,2025-05-02,21:45:52,-07:00,2025-05-02T21:45:52-07:00,0,1
projects/projects.js,92,js,aa392997,CONNIELIUGH,2025-05-02,17:33:12,-07:00,2025-05-02T17:33:12-07:00,0,0
projects/projects.js,93,js,f227afd2,CONNIELIUGH,2025-05-02,21:45:52,-07:00,2025-05-02T21:45:52-07:00,0,24
projects/projects.js,94,js,f227afd2,CONNIELIUGH,2025-05-02,21:45:52,-07:00,2025-05-02T21:45:52-07:00,0,49
projects/projects.js,95,js,f227afd2,CONNIELIUGH,2025-05-02,21:45:52,-07:00,2025-05-02T21:45:52-07:00,0,47
projects/projects.js,96,js,aa392997,CONNIELIUGH,2025-05-02,17:33:12,-07:00,2025-05-02T17:33:12-07:00,0,0
projects/projects.js,97,js,aa392997,CONNIELIUGH,2025-05-02,17:33:12,-07:00,2025-05-02T17:33:12-07:00,0,54
projects/projects.js,98,js,f227afd2,CONNIELIUGH,2025-05-02,21:45:52,-07:00,2025-05-02T21:45:52-07:00,0,50
projects/projects.js,99,js,f227afd2,CONNIELIUGH,2025-05-02,21:45:52,-07:00,2025-05-02T21:45:52-07:00,0,51
projects/projects.js,100,js,aa392997,CONNIELIUGH,2025-05-02,17:33:12,-07:00,2025-05-02T17:33:12-07:00,0,0
projects/projects.js,101,js,f227afd2,CONNIELIUGH,2025-05-02,21:45:52,-07:00,2025-05-02T21:45:52-07:00,0,53
projects/projects.js,102,js,f227afd2,CONNIELIUGH,2025-05-02,21:45:52,-07:00,2025-05-02T21:45:52-07:00,0,57
projects/projects.js,103,js,bb055ac5,CONNIELIUGH,2025-05-02,22:43:32,-07:00,2025-05-02T22:43:32-07:00,0,58
projects/projects.js,104,js,f227afd2,CONNIELIUGH,2025-05-02,21:45:52,-07:00,2025-05-02T21:45:52-07:00,0,32
projects/projects.js,105,js,f227afd2,CONNIELIUGH,2025-05-02,21:45:52,-07:00,2025-05-02T21:45:52-07:00,0,2
projects/projects.js,106,js,aa392997,CONNIELIUGH,2025-05-02,17:33:12,-07:00,2025-05-02T17:33:12-07:00,0,0
projects/projects.js,107,js,aa392997,CONNIELIUGH,2025-05-02,17:33:12,-07:00,2025-05-02T17:33:12-07:00,0,0
projects/projects.js,108,js,aa392997,CONNIELIUGH,2025-05-02,17:33:12,-07:00,2025-05-02T17:33:12-07:00,0,0
projects/index.html,1,html,f169ffdf,CONNIELIUGH,2025-04-04,17:20:21,-07:00,2025-04-04T17:20:21-07:00,0,14
projects/index.html,2,html,f169ffdf,CONNIELIUGH,2025-04-04,17:20:21,-07:00,2025-04-04T17:20:21-07:00,0,15
projects/index.html,3,html,f169ffdf,CONNIELIUGH,2025-04-04,17:20:21,-07:00,2025-04-04T17:20:21-07:00,0,5
projects/index.html,4,html,f169ffdf,CONNIELIUGH,2025-04-04,17:20:21,-07:00,2025-04-04T17:20:21-07:00,0,21
projects/index.html,5,html,f169ffdf,CONNIELIUGH,2025-04-04,17:20:21,-07:00,2025-04-04T17:20:21-07:00,0,69
projects/index.html,6,html,f169ffdf,CONNIELIUGH,2025-04-04,17:20:21,-07:00,2025-04-04T17:20:21-07:00,0,28
projects/index.html,7,html,44d693af,CONNIELIUGH,2025-04-25,15:01:33,-07:00,2025-04-25T15:01:33-07:00,0,45
projects/index.html,8,html,44d693af,CONNIELIUGH,2025-04-25,15:01:33,-07:00,2025-04-25T15:01:33-07:00,0,47
projects/index.html,9,html,44d693af,CONNIELIUGH,2025-04-25,15:01:33,-07:00,2025-04-25T15:01:33-07:00,0,52
projects/index.html,10,html,f169ffdf,CONNIELIUGH,2025-04-04,17:20:21,-07:00,2025-04-04T17:20:21-07:00,0,6
projects/index.html,11,html,f169ffdf,CONNIELIUGH,2025-04-04,17:20:21,-07:00,2025-04-04T17:20:21-07:00,0,5
projects/index.html,12,html,aa392997,CONNIELIUGH,2025-05-02,17:33:12,-07:00,2025-05-02T17:33:12-07:00,0,24
projects/index.html,13,html,aa392997,CONNIELIUGH,2025-05-02,17:33:12,-07:00,2025-05-02T17:33:12-07:00,0,60
projects/index.html,14,html,aa392997,CONNIELIUGH,2025-05-02,17:33:12,-07:00,2025-05-02T17:33:12-07:00,0,25
projects/index.html,15,html,aa392997,CONNIELIUGH,2025-05-02,17:33:12,-07:00,2025-05-02T17:33:12-07:00,0,5
projects/index.html,16,html,aa392997,CONNIELIUGH,2025-05-02,17:33:12,-07:00,2025-05-02T17:33:12-07:00,0,0
projects/index.html,17,html,aa392997,CONNIELIUGH,2025-05-02,17:33:12,-07:00,2025-05-02T17:33:12-07:00,0,5
projects/index.html,18,html,aa392997,CONNIELIUGH,2025-05-02,17:33:12,-07:00,2025-05-02T17:33:12-07:00,0,18
projects/index.html,19,html,aa392997,CONNIELIUGH,2025-05-02,17:33:12,-07:00,2025-05-02T17:33:12-07:00,0,14
projects/index.html,20,html,aa392997,CONNIELIUGH,2025-05-02,17:33:12,-07:00,2025-05-02T17:33:12-07:00,0,29
projects/index.html,21,html,aa392997,CONNIELIUGH,2025-05-02,17:33:12,-07:00,2025-05-02T17:33:12-07:00,0,34
projects/index.html,22,html,aa392997,CONNIELIUGH,2025-05-02,17:33:12,-07:00,2025-05-02T17:33:12-07:00,0,0
projects/index.html,23,html,aa392997,CONNIELIUGH,2025-05-02,17:33:12,-07:00,2025-05-02T17:33:12-07:00,0,1
projects/index.html,24,html,aa392997,CONNIELIUGH,2025-05-02,17:33:12,-07:00,2025-05-02T17:33:12-07:00,0,0
projects/index.html,25,html,aa392997,CONNIELIUGH,2025-05-02,17:33:12,-07:00,2025-05-02T17:33:12-07:00,0,0
projects/index.html,26,html,44d693af,CONNIELIUGH,2025-04-25,15:01:33,-07:00,2025-04-25T15:01:33-07:00,0,21
projects/index.html,27,html,f9be1259,CONNIELIUGH,2025-04-11,20:03:45,-07:00,2025-04-11T20:03:45-07:00,0,5
projects/index.html,28,html,d2bdda67,CONNIELIUGH,2025-04-18,17:48:37,-07:00,2025-04-18T17:48:37-07:00,0,9
projects/index.html,29,html,398739f2,CONNIELIUGH,2025-04-05,19:41:06,-07:00,2025-04-05T19:41:06-07:00,0,3
projects/index.html,30,html,59a855a0,CONNIELIUGH,2025-04-05,19:50:36,-07:00,2025-04-05T19:50:36-07:00,0,39
projects/index.html,31,html,398739f2,CONNIELIUGH,2025-04-05,19:41:06,-07:00,2025-04-05T19:41:06-07:00,0,53
projects/index.html,32,html,398739f2,CONNIELIUGH,2025-04-05,19:41:06,-07:00,2025-04-05T19:41:06-07:00,0,51
projects/index.html,33,html,59a855a0,CONNIELIUGH,2025-04-05,19:50:36,-07:00,2025-04-05T19:50:36-07:00,0,0
projects/index.html,34,html,398739f2,CONNIELIUGH,2025-04-05,19:41:06,-07:00,2025-04-05T19:41:06-07:00,0,96
projects/index.html,35,html,398739f2,CONNIELIUGH,2025-04-05,19:41:06,-07:00,2025-04-05T19:41:06-07:00,0,4
projects/index.html,36,html,d2bdda67,CONNIELIUGH,2025-04-18,17:48:37,-07:00,2025-04-18T17:48:37-07:00,0,9
projects/index.html,37,html,f169ffdf,CONNIELIUGH,2025-04-04,17:20:21,-07:00,2025-04-04T17:20:21-07:00,0,6
projects/index.html,38,html,f169ffdf,CONNIELIUGH,2025-04-04,17:20:21,-07:00,2025-04-04T17:20:21-07:00,0,6
contact/style.css,1,css,55aeb3da,CONNIELIUGH,2025-04-18,19:05:52,-07:00,2025-04-18T19:05:52-07:00,0,5
contact/style.css,2,css,55aeb3da,CONNIELIUGH,2025-04-18,19:05:52,-07:00,2025-04-18T19:05:52-07:00,0,18
contact/style.css,3,css,55aeb3da,CONNIELIUGH,2025-04-18,19:05:52,-07:00,2025-04-18T19:05:52-07:00,0,0
contact/style.css,4,css,55aeb3da,CONNIELIUGH,2025-04-18,19:05:52,-07:00,2025-04-18T19:05:52-07:00,0,0
contact/style.css,5,css,1da2fa8b,CONNIELIUGH,2025-04-18,17:16:04,-07:00,2025-04-18T17:16:04-07:00,0,4
contact/style.css,6,css,1da2fa8b,CONNIELIUGH,2025-04-18,17:16:04,-07:00,2025-04-18T17:16:04-07:00,0,13
contact/style.css,7,css,1da2fa8b,CONNIELIUGH,2025-04-18,17:16:04,-07:00,2025-04-18T17:16:04-07:00,0,31
contact/style.css,8,css,1da2fa8b,CONNIELIUGH,2025-04-18,17:16:04,-07:00,2025-04-18T17:16:04-07:00,0,8
contact/style.css,9,css,1da2fa8b,CONNIELIUGH,2025-04-18,17:16:04,-07:00,2025-04-18T17:16:04-07:00,0,0
contact/style.css,10,css,1da2fa8b,CONNIELIUGH,2025-04-18,17:16:04,-07:00,2025-04-18T17:16:04-07:00,0,5
contact/style.css,11,css,1da2fa8b,CONNIELIUGH,2025-04-18,17:16:04,-07:00,2025-04-18T17:16:04-07:00,0,13
contact/style.css,12,css,1da2fa8b,CONNIELIUGH,2025-04-18,17:16:04,-07:00,2025-04-18T17:16:04-07:00,0,30
contact/style.css,13,css,1da2fa8b,CONNIELIUGH,2025-04-18,17:16:04,-07:00,2025-04-18T17:16:04-07:00,0,17
contact/style.css,14,css,1da2fa8b,CONNIELIUGH,2025-04-18,17:16:04,-07:00,2025-04-18T17:16:04-07:00,0,0
contact/style.css,15,css,1da2fa8b,CONNIELIUGH,2025-04-18,17:16:04,-07:00,2025-04-18T17:16:04-07:00,0,0
contact/style.css,16,css,f9be1259,CONNIELIUGH,2025-04-11,20:03:45,-07:00,2025-04-11T20:03:45-07:00,0,0
contact/style.css,17,css,f9be1259,CONNIELIUGH,2025-04-11,20:03:45,-07:00,2025-04-11T20:03:45-07:00,0,0
contact/style.css,18,css,1da2fa8b,CONNIELIUGH,2025-04-18,17:16:04,-07:00,2025-04-18T17:16:04-07:00,0,0
contact/style.css,19,css,1da2fa8b,CONNIELIUGH,2025-04-18,17:16:04,-07:00,2025-04-18T17:16:04-07:00,0,0
contact/style.css,20,css,1da2fa8b,CONNIELIUGH,2025-04-18,17:16:04,-07:00,2025-04-18T17:16:04-07:00,0,0
contact/style.css,21,css,f9be1259,CONNIELIUGH,2025-04-11,20:03:45,-07:00,2025-04-11T20:03:45-07:00,0,1
contact/style.css,22,css,f9be1259,CONNIELIUGH,2025-04-11,20:03:45,-07:00,2025-04-11T20:03:45-07:00,0,0
contact/style.css,23,css,f9be1259,CONNIELIUGH,2025-04-11,20:03:45,-07:00,2025-04-11T20:03:45-07:00,0,5
contact/style.css,24,css,f9be1259,CONNIELIUGH,2025-04-11,20:03:45,-07:00,2025-04-11T20:03:45-07:00,0,14
contact/style.css,25,css,f9be1259,CONNIELIUGH,2025-04-11,20:03:45,-07:00,2025-04-11T20:03:45-07:00,0,11
contact/style.css,26,css,f9be1259,CONNIELIUGH,2025-04-11,20:03:45,-07:00,2025-04-11T20:03:45-07:00,0,16
contact/style.css,27,css,f9be1259,CONNIELIUGH,2025-04-11,20:03:45,-07:00,2025-04-11T20:03:45-07:00,0,16
contact/style.css,28,css,f9be1259,CONNIELIUGH,2025-04-11,20:03:45,-07:00,2025-04-11T20:03:45-07:00,0,13
contact/style.css,29,css,f9be1259,CONNIELIUGH,2025-04-11,20:03:45,-07:00,2025-04-11T20:03:45-07:00,0,55
contact/style.css,30,css,f9be1259,CONNIELIUGH,2025-04-11,20:03:45,-07:00,2025-04-11T20:03:45-07:00,0,19
contact/style.css,31,css,f9be1259,CONNIELIUGH,2025-04-11,20:03:45,-07:00,2025-04-11T20:03:45-07:00,0,23
contact/style.css,32,css,f9be1259,CONNIELIUGH,2025-04-11,20:03:45,-07:00,2025-04-11T20:03:45-07:00,0,0
contact/style.css,33,css,f9be1259,CONNIELIUGH,2025-04-11,20:03:45,-07:00,2025-04-11T20:03:45-07:00,0,0
contact/style.css,34,css,f9be1259,CONNIELIUGH,2025-04-11,20:03:45,-07:00,2025-04-11T20:03:45-07:00,0,11
contact/style.css,35,css,f9be1259,CONNIELIUGH,2025-04-11,20:03:45,-07:00,2025-04-11T20:03:45-07:00,0,14
contact/style.css,36,css,f9be1259,CONNIELIUGH,2025-04-11,20:03:45,-07:00,2025-04-11T20:03:45-07:00,0,53
contact/style.css,37,css,f9be1259,CONNIELIUGH,2025-04-11,20:03:45,-07:00,2025-04-11T20:03:45-07:00,0,20
contact/style.css,38,css,f9be1259,CONNIELIUGH,2025-04-11,20:03:45,-07:00,2025-04-11T20:03:45-07:00,0,0
contact/style.css,39,css,f9be1259,CONNIELIUGH,2025-04-11,20:03:45,-07:00,2025-04-11T20:03:45-07:00,0,0
contact/style.css,40,css,f9be1259,CONNIELIUGH,2025-04-11,20:03:45,-07:00,2025-04-11T20:03:45-07:00,0,10
contact/style.css,41,css,f9be1259,CONNIELIUGH,2025-04-11,20:03:45,-07:00,2025-04-11T20:03:45-07:00,0,14
contact/style.css,42,css,f9be1259,CONNIELIUGH,2025-04-11,20:03:45,-07:00,2025-04-11T20:03:45-07:00,0,14
contact/style.css,43,css,f9be1259,CONNIELIUGH,2025-04-11,20:03:45,-07:00,2025-04-11T20:03:45-07:00,0,44
contact/style.css,44,css,f9be1259,CONNIELIUGH,2025-04-11,20:03:45,-07:00,2025-04-11T20:03:45-07:00,0,64
contact/style.css,45,css,f9be1259,CONNIELIUGH,2025-04-11,20:03:45,-07:00,2025-04-11T20:03:45-07:00,0,18
contact/style.css,46,css,f9be1259,CONNIELIUGH,2025-04-11,20:03:45,-07:00,2025-04-11T20:03:45-07:00,0,15
contact/style.css,47,css,f9be1259,CONNIELIUGH,2025-04-11,20:03:45,-07:00,2025-04-11T20:03:45-07:00,0,62
contact/style.css,48,css,f9be1259,CONNIELIUGH,2025-04-11,20:03:45,-07:00,2025-04-11T20:03:45-07:00,0,6
contact/style.css,49,css,f9be1259,CONNIELIUGH,2025-04-11,20:03:45,-07:00,2025-04-11T20:03:45-07:00,0,0
contact/style.css,50,css,f9be1259,CONNIELIUGH,2025-04-11,20:03:45,-07:00,2025-04-11T20:03:45-07:00,0,19
contact/style.css,51,css,f9be1259,CONNIELIUGH,2025-04-11,20:03:45,-07:00,2025-04-11T20:03:45-07:00,0,15
contact/style.css,52,css,f9be1259,CONNIELIUGH,2025-04-11,20:03:45,-07:00,2025-04-11T20:03:45-07:00,0,55
contact/style.css,53,css,f9be1259,CONNIELIUGH,2025-04-11,20:03:45,-07:00,2025-04-11T20:03:45-07:00,0,12
contact/style.css,54,css,f9be1259,CONNIELIUGH,2025-04-11,20:03:45,-07:00,2025-04-11T20:03:45-07:00,0,20
contact/style.css,55,css,f9be1259,CONNIELIUGH,2025-04-11,20:03:45,-07:00,2025-04-11T20:03:45-07:00,0,15
contact/style.css,56,css,f9be1259,CONNIELIUGH,2025-04-11,20:03:45,-07:00,2025-04-11T20:03:45-07:00,0,12
contact/style.css,57,css,f9be1259,CONNIELIUGH,2025-04-11,20:03:45,-07:00,2025-04-11T20:03:45-07:00,0,18
contact/style.css,58,css,f9be1259,CONNIELIUGH,2025-04-11,20:03:45,-07:00,2025-04-11T20:03:45-07:00,0,16
contact/style.css,59,css,f9be1259,CONNIELIUGH,2025-04-11,20:03:45,-07:00,2025-04-11T20:03:45-07:00,0,15
contact/style.css,60,css,f9be1259,CONNIELIUGH,2025-04-11,20:03:45,-07:00,2025-04-11T20:03:45-07:00,0,3
contact/index.html,1,html,f169ffdf,CONNIELIUGH,2025-04-04,17:20:21,-07:00,2025-04-04T17:20:21-07:00,0,14
contact/index.html,2,html,f169ffdf,CONNIELIUGH,2025-04-04,17:20:21,-07:00,2025-04-04T17:20:21-07:00,0,15
contact/index.html,3,html,f169ffdf,CONNIELIUGH,2025-04-04,17:20:21,-07:00,2025-04-04T17:20:21-07:00,0,5
contact/index.html,4,html,f169ffdf,CONNIELIUGH,2025-04-04,17:20:21,-07:00,2025-04-04T17:20:21-07:00,0,21
contact/index.html,5,html,f169ffdf,CONNIELIUGH,2025-04-04,17:20:21,-07:00,2025-04-04T17:20:21-07:00,0,69
contact/index.html,6,html,f169ffdf,CONNIELIUGH,2025-04-04,17:20:21,-07:00,2025-04-04T17:20:21-07:00,0,28
contact/index.html,7,html,55aeb3da,CONNIELIUGH,2025-04-18,19:05:52,-07:00,2025-04-18T19:05:52-07:00,0,44
contact/index.html,8,html,d2bdda67,CONNIELIUGH,2025-04-18,17:48:37,-07:00,2025-04-18T17:48:37-07:00,0,51
contact/index.html,9,html,f169ffdf,CONNIELIUGH,2025-04-04,17:20:21,-07:00,2025-04-04T17:20:21-07:00,0,6
contact/index.html,10,html,f169ffdf,CONNIELIUGH,2025-04-04,17:20:21,-07:00,2025-04-04T17:20:21-07:00,0,5
contact/index.html,11,html,55aeb3da,CONNIELIUGH,2025-04-18,19:05:52,-07:00,2025-04-18T19:05:52-07:00,0,18
contact/index.html,12,html,55aeb3da,CONNIELIUGH,2025-04-18,19:05:52,-07:00,2025-04-18T19:05:52-07:00,0,0
contact/index.html,13,html,55aeb3da,CONNIELIUGH,2025-04-18,19:05:52,-07:00,2025-04-18T19:05:52-07:00,0,8
contact/index.html,14,html,59a855a0,CONNIELIUGH,2025-04-05,19:50:36,-07:00,2025-04-05T19:50:36-07:00,0,39
contact/index.html,15,html,398739f2,CONNIELIUGH,2025-04-05,19:41:06,-07:00,2025-04-05T19:41:06-07:00,0,53
contact/index.html,16,html,398739f2,CONNIELIUGH,2025-04-05,19:41:06,-07:00,2025-04-05T19:41:06-07:00,0,51
contact/index.html,17,html,59a855a0,CONNIELIUGH,2025-04-05,19:50:36,-07:00,2025-04-05T19:50:36-07:00,0,0
contact/index.html,18,html,398739f2,CONNIELIUGH,2025-04-05,19:41:06,-07:00,2025-04-05T19:41:06-07:00,0,96
contact/index.html,19,html,398739f2,CONNIELIUGH,2025-04-05,19:41:06,-07:00,2025-04-05T19:41:06-07:00,0,4
contact/index.html,20,html,55aeb3da,CONNIELIUGH,2025-04-18,19:05:52,-07:00,2025-04-18T19:05:52-07:00,0,2
contact/index.html,21,html,55aeb3da,CONNIELIUGH,2025-04-18,19:05:52,-07:00,2025-04-18T19:05:52-07:00,0,63
contact/index.html,22,html,413d6f65,CONNIELIUGH,2025-04-05,19:22:51,-07:00,2025-04-05T19:22:51-07:00,0,22
contact/index.html,23,html,55aeb3da,CONNIELIUGH,2025-04-18,19:05:52,-07:00,2025-04-18T19:05:52-07:00,0,100
contact/index.html,24,html,55aeb3da,CONNIELIUGH,2025-04-18,19:05:52,-07:00,2025-04-18T19:05:52-07:00,0,78
contact/index.html,25,html,55aeb3da,CONNIELIUGH,2025-04-18,19:05:52,-07:00,2025-04-18T19:05:52-07:00,0,54
contact/index.html,26,html,55aeb3da,CONNIELIUGH,2025-04-18,19:05:52,-07:00,2025-04-18T19:05:52-07:00,0,36
contact/index.html,27,html,55aeb3da,CONNIELIUGH,2025-04-18,19:05:52,-07:00,2025-04-18T19:05:52-07:00,0,6
contact/index.html,28,html,398739f2,CONNIELIUGH,2025-04-05,19:41:06,-07:00,2025-04-05T19:41:06-07:00,0,0
contact/index.html,29,html,55aeb3da,CONNIELIUGH,2025-04-18,19:05:52,-07:00,2025-04-18T19:05:52-07:00,0,0
contact/index.html,30,html,1da2fa8b,CONNIELIUGH,2025-04-18,17:16:04,-07:00,2025-04-18T17:16:04-07:00,0,0
contact/index.html,31,html,f169ffdf,CONNIELIUGH,2025-04-04,17:20:21,-07:00,2025-04-04T17:20:21-07:00,0,6
contact/index.html,32,html,f169ffdf,CONNIELIUGH,2025-04-04,17:20:21,-07:00,2025-04-04T17:20:21-07:00,0,6
